14.1.64.0/24,PH,PH-00,Manila,
14.1.65.0/24,PH,PH-00,Manila,
14.1.66.0/24,PH,PH-00,Manila,
14.1.67.0/24,PH,PH-00,Manila,
14.1.72.0/24,AU,AU-VIC,Melbourne,
14.1.73.0/24,AU,AU-VIC,Melbourne,
14.1.74.0/24,AU,AU-TAS,Hobart,
14.1.75.0/24,AU,AU-TAS,Hobart,
14.1.78.0/24,LK,LK-1,Colombo,
14.1.79.0/24,LK,LK-1,Colombo,
14.1.82.0/24,AU,AU-NSW,Sydney,
14.1.83.0/24,AU,AU-NSW,Sydney,
14.1.84.0/24,AU,AU-NSW,Sydney,
14.1.85.0/24,AU,AU-NSW,Sydney,
14.1.86.0/24,AU,AU-NSW,Sydney,
14.1.87.0/24,AU,AU-NSW,Sydney,
14.1.94.0/24,AU,AU-VIC,Melbourne,
14.1.95.0/24,AU,AU-VIC,Melbourne,
27.131.248.0/24,ID,ID-JK,Jakarta,
27.131.249.0/24,ID,ID-JK,Jakarta,
65.181.0.0/24,AU,AU-NSW,Sydney,
65.181.1.0/24,AU,AU-NSW,Sydney,
65.181.2.0/24,AU,AU-NSW,Sydney,
65.181.3.0/24,AU,AU-NSW,Sydney,
65.181.4.0/24,JP,JP-13,Tokyo,
65.181.5.0/24,JP,JP-13,Tokyo,
65.181.6.0/24,JP,JP-13,Tokyo,
65.181.7.0/24,JP,JP-13,Tokyo,
65.181.12.0/24,AU,AU-NSW,Sydney,
65.181.13.0/24,AU,AU-NSW,Sydney,
65.181.14.0/24,AU,AU-NSW,Sydney,
65.181.15.0/24,AU,AU-NSW,Sydney,
65.181.16.0/24,MY,MY-14,Kuala Lumpur,
65.181.17.0/24,MY,MY-14,Kuala Lumpur,
65.181.18.0/24,MY,MY-14,Kuala Lumpur,
65.181.19.0/24,MY,MY-14,Kuala Lumpur,
65.181.20.0/24,AU,AU-WA,Perth,
65.181.21.0/24,AU,AU-WA,Perth,
65.181.22.0/24,AU,AU-WA,Perth,
65.181.23.0/24,AU,AU-WA,Perth,
65.181.24.0/24,MY,MY-14,Kuala Lumpur,
65.181.25.0/24,MY,MY-14,Kuala Lumpur,
66.9.162.0/24,MX,MX-DIF,Mexico City,
66.9.163.0/24,MX,MX-DIF,Mexico City,
66.9.164.0/24,PR,PR-630,San Juan,
66.9.166.0/24,JM,JM-01,Kingston,
66.9.168.0/24,HT,HT-OU,Port-au-Prince,
66.9.169.0/24,HT,HT-OU,Port-au-Prince,
66.9.174.0/24,BR,BR-SP,Sao Paulo,
66.9.175.0/24,BR,BR-SP,Sao Paulo,
66.9.176.0/24,MX,MX-DIF,Mexico City,
66.9.177.0/24,MX,MX-DIF,Mexico City,
66.9.180.0/24,US,US-UT,Salt Lake City,
66.9.181.0/24,US,US-UT,Salt Lake City,
66.9.182.0/24,US,US-UT,Salt Lake City,
66.9.183.0/24,US,US-UT,Salt Lake City,
66.9.184.0/24,US,US-CA,Los Angeles,
66.9.185.0/24,US,US-CA,Los Angeles,
66.9.186.0/24,MX,MX-DIF,Mexico City,
66.9.187.0/24,MX,MX-DIF,Mexico City,
67.158.63.0/24,US,US-CA,Hawthorne,
91.102.182.0/24,PL,PL-14,Warsaw,
91.102.183.0/24,PL,PL-14,Warsaw,
98.97.0.0/24,US,US-IL,Chicago,
98.97.1.0/24,US,US-IL,Chicago,
98.97.2.0/24,US,US-IL,Chicago,
98.97.3.0/24,US,US-IL,Chicago,
98.97.4.0/24,US,US-IL,Chicago,
98.97.5.0/24,US,US-IL,Chicago,
98.97.6.0/24,US,US-IL,Chicago,
98.97.7.0/24,US,US-IL,Chicago,
98.97.8.0/24,US,US-IL,Chicago,
98.97.9.0/24,US,US-IL,Chicago,
98.97.10.0/24,US,US-IL,Chicago,
98.97.11.0/24,US,US-IL,Chicago,
98.97.12.0/24,US,US-IL,Chicago,
98.97.13.0/24,US,US-IL,Chicago,
98.97.14.0/24,US,US-IL,Chicago,
98.97.15.0/24,US,US-IL,Chicago,
98.97.16.0/24,US,US-NY,New York,
98.97.17.0/24,US,US-NY,New York,
98.97.18.0/24,US,US-NY,New York,
98.97.19.0/24,US,US-NY,New York,
98.97.20.0/24,US,US-NY,New York,
98.97.21.0/24,US,US-NY,New York,
98.97.22.0/24,US,US-NY,New York,
98.97.23.0/24,US,US-NY,New York,
98.97.24.0/24,US,US-CA,San Jose,
98.97.25.0/24,US,US-CA,San Jose,
98.97.26.0/24,US,US-CA,San Jose,
98.97.27.0/24,US,US-CA,San Jose,
98.97.28.0/24,US,US-CA,San Jose,
98.97.29.0/24,US,US-CA,San Jose,
98.97.30.0/24,US,US-CA,San Jose,
98.97.31.0/24,US,US-CA,San Jose,
98.97.32.0/24,US,US-WA,Seattle,
98.97.33.0/24,US,US-WA,Seattle,
98.97.34.0/24,US,US-WA,Seattle,
98.97.35.0/24,US,US-WA,Seattle,
98.97.36.0/24,US,US-WA,Seattle,
98.97.37.0/24,US,US-WA,Seattle,
98.97.38.0/24,US,US-WA,Seattle,
98.97.39.0/24,US,US-WA,Seattle,
98.97.40.0/24,US,US-WA,Seattle,
98.97.41.0/24,US,US-WA,Seattle,
98.97.42.0/24,US,US-WA,Seattle,
98.97.43.0/24,US,US-WA,Seattle,
98.97.44.0/24,US,US-WA,Seattle,
98.97.45.0/24,US,US-WA,Seattle,
98.97.46.0/24,US,US-WA,Seattle,
98.97.47.0/24,US,US-WA,Seattle,
98.97.56.0/24,US,US-CA,Los Angeles,
98.97.57.0/24,US,US-CA,Los Angeles,
98.97.58.0/24,US,US-CA,Los Angeles,
98.97.59.0/24,US,US-CA,Los Angeles,
98.97.60.0/24,US,US-CA,San Jose,
98.97.61.0/24,US,US-CA,San Jose,
98.97.62.0/24,US,US-CA,San Jose,
98.97.63.0/24,US,US-CA,San Jose,
98.97.64.0/24,US,US-WA,Seattle,
98.97.65.0/24,US,US-WA,Seattle,
98.97.66.0/24,US,US-WA,Seattle,
98.97.67.0/24,US,US-WA,Seattle,
98.97.68.0/24,US,US-WA,Seattle,
98.97.69.0/24,US,US-WA,Seattle,
98.97.70.0/24,US,US-WA,Seattle,
98.97.71.0/24,US,US-WA,Seattle,
98.97.79.0/24,NG,NG-LA,Lagos,
98.97.80.0/24,US,US-TX,Dallas,
98.97.81.0/24,US,US-TX,Dallas,
98.97.82.0/24,US,US-TX,Dallas,
98.97.83.0/24,US,US-TX,Dallas,
98.97.84.0/24,US,US-TX,Dallas,
98.97.85.0/24,US,US-TX,Dallas,
98.97.86.0/24,US,US-TX,Dallas,
98.97.87.0/24,US,US-TX,Dallas,
98.97.88.0/24,US,US-TX,Dallas,
98.97.89.0/24,US,US-TX,Dallas,
98.97.90.0/24,US,US-TX,Dallas,
98.97.91.0/24,US,US-TX,Dallas,
98.97.92.0/24,US,US-TX,Dallas,
98.97.93.0/24,US,US-TX,Dallas,
98.97.94.0/24,US,US-TX,Dallas,
98.97.95.0/24,US,US-TX,Dallas,
98.97.96.0/24,US,US-WA,Seattle,
98.97.97.0/24,US,US-WA,Seattle,
98.97.98.0/24,US,US-WA,Seattle,
98.97.99.0/24,US,US-WA,Seattle,
98.97.100.0/24,US,US-WA,Seattle,
98.97.101.0/24,US,US-WA,Seattle,
98.97.102.0/24,US,US-WA,Seattle,
98.97.103.0/24,US,US-WA,Seattle,
98.97.104.0/24,US,US-CO,Denver,
98.97.105.0/24,US,US-CO,Denver,
98.97.106.0/24,US,US-CO,Denver,
98.97.107.0/24,US,US-CO,Denver,
98.97.108.0/24,US,US-CO,Denver,
98.97.109.0/24,US,US-CO,Denver,
98.97.110.0/24,US,US-CO,Denver,
98.97.111.0/24,US,US-CO,Denver,
98.97.112.0/24,US,US-AZ,Phoenix,
98.97.113.0/24,US,US-AZ,Phoenix,
98.97.114.0/24,US,US-AZ,Phoenix,
98.97.115.0/24,US,US-AZ,Phoenix,
98.97.116.0/24,US,US-AZ,Phoenix,
98.97.117.0/24,US,US-AZ,Phoenix,
98.97.118.0/24,US,US-AZ,Phoenix,
98.97.119.0/24,US,US-AZ,Phoenix,
98.97.120.0/24,US,US-CA,Los Angeles,
98.97.121.0/24,US,US-CA,Los Angeles,
98.97.122.0/24,US,US-CA,Los Angeles,
98.97.123.0/24,US,US-CA,Los Angeles,
98.97.124.0/24,US,US-CA,Los Angeles,
98.97.125.0/24,US,US-CA,Los Angeles,
98.97.126.0/24,US,US-CA,Los Angeles,
98.97.127.0/24,US,US-CA,Los Angeles,
98.97.128.0/24,CL,CL-RM,Santiago,
98.97.132.0/24,ZW,ZW-HA,Harare,
98.97.133.0/24,ZW,ZW-HA,Harare,
98.97.134.0/24,AR,AR-C,Buenos Aires,
98.97.136.0/24,US,US-CA,Los Angeles,
98.97.137.0/24,US,US-CA,Los Angeles,
98.97.138.0/24,US,US-CA,Los Angeles,
98.97.139.0/24,US,US-CA,Los Angeles,
98.97.140.0/24,US,US-CA,Los Angeles,
98.97.141.0/24,US,US-CA,Los Angeles,
98.97.142.0/24,US,US-CA,Los Angeles,
98.97.143.0/24,US,US-CA,Los Angeles,
98.97.146.0/24,MX,MX-DIF,Mexico City,
98.97.147.0/24,MX,MX-DIF,Mexico City,
98.97.148.0/24,AR,AR-C,Buenos Aires,
98.97.149.0/24,AR,AR-C,Buenos Aires,
98.97.152.0/24,US,US-VA,Ashburn,
98.97.153.0/24,US,US-VA,Ashburn,
98.97.154.0/24,US,US-VA,Ashburn,
98.97.155.0/24,US,US-VA,Ashburn,
98.97.156.0/24,BR,BR-SP,Sao Paulo,
98.97.157.0/24,BR,BR-SP,Sao Paulo,
98.97.162.0/24,MW,MW-LI,Lilongwe,
98.97.163.0/24,MW,MW-LI,Lilongwe,
98.97.164.0/24,US,US-MT,Billings,
98.97.165.0/24,US,US-MT,Billings,
98.97.166.0/24,US,US-FL,Miami,
98.97.167.0/24,US,US-FL,Miami,
98.97.168.0/24,US,US-GA,Atlanta,
98.97.169.0/24,US,US-GA,Atlanta,
98.97.170.0/24,US,US-GA,Atlanta,
98.97.171.0/24,US,US-GA,Atlanta,
98.97.172.0/24,US,US-GA,Atlanta,
98.97.173.0/24,US,US-GA,Atlanta,
98.97.174.0/24,US,US-GA,Atlanta,
98.97.175.0/24,US,US-GA,Atlanta,
98.97.176.0/24,KE,KE-30,Nairobi,
98.97.177.0/24,KE,KE-30,Nairobi,
98.97.178.0/24,MX,MX-DIF,Mexico City,
98.97.179.0/24,MX,MX-DIF,Mexico City,
98.97.186.0/24,US,US-FL,Miami,
98.97.187.0/24,US,US-FL,Miami,
98.97.188.0/24,US,US-AZ,Phoenix,
98.97.189.0/24,US,US-AZ,Phoenix,
102.215.57.0/24,NG,NG-LA,Lagos,
103.228.240.0/24,ID,ID-JK,Jakarta,
116.91.208.0/24,PH,PH-00,Manila,
116.91.209.0/24,PH,PH-00,Manila,
116.91.210.0/24,AU,AU-NSW,Sydney,
116.91.211.0/24,AU,AU-NSW,Sydney,
116.91.212.0/24,AU,AU-VIC,Melbourne,
116.91.213.0/24,AU,AU-VIC,Melbourne,
116.91.216.0/24,AU,AU-WA,Perth,
116.91.218.0/24,NZ,NZ-CAN,Christchurch,
116.91.219.0/24,NZ,NZ-CAN,Christchurch,
116.91.220.0/24,AU,AU-VIC,Melbourne,
116.91.221.0/24,AU,AU-VIC,Melbourne,
116.91.222.0/24,AU,AU-VIC,Melbourne,
116.91.223.0/24,AU,AU-VIC,Melbourne,
116.254.96.0/24,ID,ID-JK,Jakarta,
116.254.97.0/24,ID,ID-JK,Jakarta,
116.254.98.0/24,ID,ID-JK,Jakarta,
116.254.99.0/24,ID,ID-JK,Jakarta,
119.11.204.0/24,ID,ID-JK,Jakarta,
119.11.205.0/24,ID,ID-JK,Jakarta,
129.222.0.0/24,US,US-FL,Miami,
129.222.1.0/24,US,US-FL,Miami,
129.222.2.0/24,US,US-VA,Ashburn,
129.222.3.0/24,US,US-VA,Ashburn,
129.222.4.0/24,US,US-VA,Ashburn,
129.222.5.0/24,US,US-VA,Ashburn,
129.222.6.0/24,US,US-VA,Ashburn,
129.222.7.0/24,US,US-VA,Ashburn,
129.222.8.0/24,US,US-IL,Chicago,
129.222.9.0/24,US,US-IL,Chicago,
129.222.10.0/24,US,US-IL,Chicago,
129.222.11.0/24,US,US-IL,Chicago,
129.222.12.0/24,US,US-IL,Chicago,
129.222.13.0/24,US,US-IL,Chicago,
129.222.14.0/24,US,US-IL,Chicago,
129.222.15.0/24,US,US-IL,Chicago,
129.222.16.0/24,US,US-IL,Chicago,
129.222.17.0/24,US,US-IL,Chicago,
129.222.18.0/24,US,US-IL,Chicago,
129.222.19.0/24,US,US-IL,Chicago,
129.222.20.0/24,US,US-IL,Chicago,
129.222.21.0/24,US,US-IL,Chicago,
129.222.22.0/24,US,US-IL,Chicago,
129.222.23.0/24,US,US-IL,Chicago,
129.222.24.0/24,US,US-IL,Chicago,
129.222.25.0/24,US,US-IL,Chicago,
129.222.26.0/24,US,US-IL,Chicago,
129.222.27.0/24,US,US-IL,Chicago,
129.222.28.0/24,US,US-IL,Chicago,
129.222.29.0/24,US,US-IL,Chicago,
129.222.30.0/24,US,US-IL,Chicago,
129.222.31.0/24,US,US-IL,Chicago,
129.222.32.0/24,US,US-GA,Atlanta,
129.222.33.0/24,US,US-GA,Atlanta,
129.222.34.0/24,US,US-GA,Atlanta,
129.222.35.0/24,US,US-GA,Atlanta,
129.222.36.0/24,US,US-GA,Atlanta,
129.222.37.0/24,US,US-GA,Atlanta,
129.222.38.0/24,US,US-GA,Atlanta,
129.222.39.0/24,US,US-GA,Atlanta,
129.222.40.0/24,US,US-MN,Minneapolis,
129.222.41.0/24,US,US-MN,Minneapolis,
129.222.42.0/24,US,US-MN,Minneapolis,
129.222.43.0/24,US,US-MN,Minneapolis,
129.222.44.0/24,US,US-MN,Minneapolis,
129.222.45.0/24,US,US-MN,Minneapolis,
129.222.46.0/24,US,US-MN,Minneapolis,
129.222.47.0/24,US,US-MN,Minneapolis,
129.222.48.0/24,US,US-FL,Miami,
129.222.49.0/24,US,US-FL,Miami,
129.222.50.0/24,US,US-FL,Miami,
129.222.51.0/24,US,US-FL,Miami,
129.222.52.0/24,US,US-FL,Miami,
129.222.53.0/24,US,US-FL,Miami,
129.222.54.0/24,US,US-FL,Miami,
129.222.55.0/24,US,US-FL,Miami,
129.222.58.0/24,GT,GT-01,Guatemala City,
129.222.59.0/24,GT,GT-01,Guatemala City,
129.222.60.0/24,PL,PL-14,Warsaw,
129.222.61.0/24,PL,PL-14,Warsaw,
129.222.62.0/24,US,US-IL,Chicago,
129.222.63.0/24,US,US-IL,Chicago,
129.222.64.0/24,MX,MX-DIF,Mexico City,
129.222.70.0/24,US,US-MT,Billings,
129.222.71.0/24,US,US-MT,Billings,
129.222.72.0/24,US,US-TX,Dallas,
129.222.73.0/24,US,US-TX,Dallas,
129.222.74.0/24,US,US-TX,Dallas,
129.222.75.0/24,US,US-TX,Dallas,
129.222.76.0/24,US,US-TX,Dallas,
129.222.77.0/24,US,US-TX,Dallas,
129.222.78.0/24,US,US-TX,Dallas,
129.222.79.0/24,US,US-TX,Dallas,
129.222.80.0/24,US,US-GA,Atlanta,
129.222.81.0/24,US,US-GA,Atlanta,
129.222.82.0/24,US,US-GA,Atlanta,
129.222.83.0/24,US,US-GA,Atlanta,
129.222.84.0/24,US,US-GA,Atlanta,
129.222.85.0/24,US,US-GA,Atlanta,
129.222.86.0/24,US,US-GA,Atlanta,
129.222.87.0/24,US,US-GA,Atlanta,
129.222.88.0/24,US,US-FL,Miami,
129.222.89.0/24,US,US-FL,Miami,
129.222.90.0/24,MX,MX-DIF,Mexico City,
129.222.91.0/24,MX,MX-DIF,Mexico City,
129.222.96.0/24,CA,CA-SK,Regina,
129.222.97.0/24,CA,CA-SK,Regina,
129.222.98.0/24,CA,CA-NB,Fredericton,
129.222.99.0/24,CA,CA-NB,Fredericton,
129.222.100.0/24,US,US-UT,Salt Lake City,
129.222.101.0/24,US,US-UT,Salt Lake City,
129.222.102.0/24,US,US-UT,Salt Lake City,
129.222.103.0/24,US,US-UT,Salt Lake City,
129.222.108.0/24,MG,MG-T,Antananarivo,
129.222.109.0/24,MG,MG-T,Antananarivo,
129.222.110.0/24,MX,MX-DIF,Mexico City,
129.222.111.0/24,MX,MX-DIF,Mexico City,
129.222.112.0/24,CA,CA-MB,Winnipeg,
129.222.113.0/24,CA,CA-MB,Winnipeg,
129.222.114.0/24,CA,CA-MB,Winnipeg,
129.222.115.0/24,CA,CA-MB,Winnipeg,
129.222.118.0/24,US,US-FL,Miami,
129.222.119.0/24,US,US-FL,Miami,
129.222.120.0/24,US,US-TX,Dallas,
129.222.121.0/24,US,US-TX,Dallas,
129.222.122.0/24,US,US-TX,Dallas,
129.222.123.0/24,US,US-TX,Dallas,
129.222.124.0/24,US,US-TX,Dallas,
129.222.125.0/24,US,US-TX,Dallas,
129.222.126.0/24,US,US-TX,Dallas,
129.222.127.0/24,US,US-TX,Dallas,
129.222.128.0/24,US,US-AZ,Phoenix,
129.222.129.0/24,US,US-AZ,Phoenix,
129.222.130.0/24,US,US-UT,Salt Lake City,
129.222.131.0/24,US,US-UT,Salt Lake City,
129.222.132.0/24,US,US-CA,San Jose,
129.222.133.0/24,US,US-CA,San Jose,
129.222.134.0/24,US,US-FL,Miami,
129.222.135.0/24,US,US-FL,Miami,
129.222.136.0/24,CA,CA-AB,Calgary,
129.222.137.0/24,CA,CA-AB,Calgary,
129.222.138.0/24,CA,CA-BC,Vancouver,
129.222.139.0/24,CA,CA-BC,Vancouver,
129.222.140.0/24,CA,CA-AB,Calgary,
129.222.141.0/24,CA,CA-AB,Calgary,
129.222.142.0/24,US,US-AZ,Phoenix,
129.222.144.0/24,MZ,MZ-MPM,Maputo,
129.222.145.0/24,MZ,MZ-MPM,Maputo,
129.222.146.0/24,KE,KE-30,Nairobi,
129.222.147.0/24,KE,KE-30,Nairobi,
129.222.148.0/24,RW,RW-01,Kigali,
129.222.149.0/24,RW,RW-01,Kigali,
129.222.150.0/24,CA,CA-NS,Halifax,
129.222.151.0/24,CA,CA-NS,Halifax,
129.222.152.0/24,CA,CA-ON,Toronto,
129.222.153.0/24,CA,CA-SK,Regina,
129.222.154.0/24,CA,CA-ON,Toronto,
129.222.155.0/24,CA,CA-ON,Toronto,
129.222.156.0/24,CA,CA-SK,Regina,
129.222.157.0/24,CA,CA-SK,Regina,
129.222.158.0/24,CA,CA-SK,Regina,
129.222.159.0/24,CA,CA-ON,Toronto,
129.222.160.0/24,MX,MX-DIF,Mexico City,
129.222.161.0/24,MX,MX-DIF,Mexico City,
129.222.162.0/24,US,US-VA,Ashburn,
129.222.163.0/24,US,US-VA,Ashburn,
129.222.166.0/24,CA,CA-ON,Toronto,
129.222.167.0/24,CA,CA-ON,Toronto,
129.222.168.0/24,CL,CL-RM,Santiago,
129.222.169.0/24,CL,CL-RM,Santiago,
129.222.170.0/24,CL,CL-RM,Santiago,
129.222.171.0/24,CL,CL-RM,Santiago,
129.222.172.0/24,CL,CL-RM,Santiago,
129.222.173.0/24,CL,CL-RM,Santiago,
129.222.174.0/24,CL,CL-RM,Santiago,
129.222.175.0/24,CL,CL-RM,Santiago,
129.222.176.0/24,PE,PE-LMA,Lima,
129.222.177.0/24,PE,PE-LMA,Lima,
129.222.178.0/24,EC,EC-P,Quito,
129.222.179.0/24,EC,EC-P,Quito,
129.222.180.0/24,CL,CL-RM,Santiago,
129.222.181.0/24,CL,CL-RM,Santiago,
129.222.183.0/24,PE,PE-LMA,Lima,
129.222.184.0/24,CA,CA-ON,Toronto,
129.222.185.0/24,CA,CA-ON,Toronto,
129.222.186.0/24,KE,KE-30,Nairobi,
129.222.187.0/24,KE,KE-30,Nairobi,
129.222.188.0/24,UA,UA-30,Kyiv,
129.222.189.0/24,UA,UA-30,Kyiv,
129.222.191.0/24,CY,CY-01,Nicosia,
129.222.192.0/24,CA,CA-ON,Toronto,
129.222.193.0/24,CA,CA-ON,Toronto,
129.222.194.0/24,CA,CA-ON,Toronto,
129.222.195.0/24,CA,CA-ON,Toronto,
129.222.196.0/24,CA,CA-ON,Toronto,
129.222.197.0/24,CA,CA-ON,Toronto,
129.222.198.0/24,CA,CA-ON,Toronto,
129.222.199.0/24,CA,CA-ON,Toronto,
129.222.200.0/24,MX,MX-DIF,Mexico City,
129.222.201.0/24,MX,MX-DIF,Mexico City,
129.222.202.0/24,CO,CO-DC,Bogota,
129.222.203.0/24,CO,CO-DC,Bogota,
129.222.204.0/24,NG,NG-LA,Lagos,
129.222.205.0/24,NG,NG-LA,Lagos,
129.222.206.0/24,NG,NG-LA,Lagos,
129.222.207.0/24,NG,NG-LA,Lagos,
129.222.208.0/24,CA,CA-QC,Montreal,
129.222.209.0/24,CA,CA-QC,Montreal,
129.222.210.0/24,CA,CA-QC,Montreal,
129.222.211.0/24,CA,CA-QC,Montreal,
129.222.212.0/24,ZM,ZM-09,Lusaka,
129.222.213.0/24,ZM,ZM-09,Lusaka,
129.222.214.0/24,CL,CL-RM,Santiago,
129.222.215.0/24,CL,CL-RM,Santiago,
129.222.224.0/24,US,US-NY,New York,
129.222.225.0/24,US,US-NY,New York,
129.222.226.0/24,US,US-NY,New York,
129.222.227.0/24,US,US-NY,New York,
129.222.228.0/24,US,US-NY,New York,
129.222.229.0/24,US,US-NY,New York,
129.222.230.0/24,US,US-NY,New York,
129.222.231.0/24,US,US-NY,New York,
129.222.232.0/24,US,US-NY,New York,
129.222.233.0/24,US,US-NY,New York,
129.222.234.0/24,US,US-NY,New York,
129.222.235.0/24,US,US-NY,New York,
129.222.236.0/24,US,US-NY,New York,
129.222.237.0/24,US,US-NY,New York,
129.222.238.0/24,US,US-NY,New York,
129.222.239.0/24,US,US-NY,New York,
129.222.240.0/24,US,US-NY,New York,
129.222.241.0/24,US,US-NY,New York,
129.222.242.0/24,US,US-NY,New York,
129.222.243.0/24,US,US-NY,New York,
129.222.244.0/24,US,US-NY,New York,
129.222.245.0/24,US,US-NY,New York,
129.222.246.0/24,US,US-NY,New York,
129.222.247.0/24,US,US-NY,New York,
129.222.248.0/24,US,US-GA,Atlanta,
129.222.249.0/24,US,US-GA,Atlanta,
129.222.250.0/24,US,US-GA,Atlanta,
129.222.251.0/24,US,US-GA,Atlanta,
129.222.252.0/24,US,US-GA,Atlanta,
129.222.253.0/24,US,US-GA,Atlanta,
129.222.254.0/24,US,US-GA,Atlanta,
129.222.255.0/24,US,US-GA,Atlanta,
129.224.192.0/24,US,US-TX,Dallas,
129.224.193.0/24,US,US-TX,Dallas,
129.224.194.0/24,US,US-TX,Dallas,
129.224.195.0/24,US,US-TX,Dallas,
129.224.196.0/24,US,US-TX,Dallas,
129.224.197.0/24,US,US-TX,Dallas,
129.224.198.0/24,US,US-TX,Dallas,
129.224.199.0/24,US,US-TX,Dallas,
129.224.202.0/24,MM,MM-06,Yangon,
129.224.203.0/24,MM,MM-06,Yangon,
129.224.210.0/24,US,US-MN,Minneapolis,
129.224.211.0/24,US,US-MN,Minneapolis,
129.224.212.0/24,US,US-FL,Miami,
129.224.213.0/24,US,US-FL,Miami,
129.224.214.0/24,AR,AR-C,Buenos Aires,
129.224.215.0/24,AR,AR-C,Buenos Aires,
129.224.216.0/24,US,US-AK,Dutch Harbor,
129.224.217.0/24,CA,CA-NU,Iqaluit,
129.224.218.0/24,US,US-FL,Miami,
129.224.219.0/24,US,US-FL,Miami,
129.224.220.0/24,US,US-WA,Seattle,
129.224.221.0/24,US,US-FL,Miami,
129.224.223.0/24,US,US-FL,Cape Canaveral,
135.129.112.0/24,CA,CA-ON,Toronto,
135.129.113.0/24,CA,CA-ON,Toronto,
135.129.118.0/24,US,US-FL,Miami,
135.129.120.0/24,CO,CO-DC,Bogota,
135.129.121.0/24,CO,CO-DC,Bogota,
135.129.124.0/24,NG,NG-LA,Lagos,
135.129.125.0/24,NG,NG-LA,Lagos,
138.84.32.0/24,CL,CL-RM,Santiago,
138.84.33.0/24,CL,CL-RM,Santiago,
138.84.34.0/24,CL,CL-RM,Santiago,
138.84.35.0/24,CL,CL-RM,Santiago,
138.84.39.0/24,PE,PE-LMA,Lima,
138.84.41.0/24,CO,CO-DC,Bogota,
138.84.44.0/24,MX,MX-DIF,Mexico City,
138.84.45.0/24,MX,MX-DIF,Mexico City,
138.84.48.0/24,CO,CO-DC,Bogota,
138.84.54.0/24,MX,MX-DIF,Mexico City,
138.84.55.0/24,MX,MX-DIF,Mexico City,
138.84.62.0/24,MX,MX-DIF,Mexico City,
141.109.80.0/24,CA,CA-BC,Brucejack,
141.109.85.0/24,CA,CA-QC,Kuujjuaq,
141.109.87.0/24,US,US-FL,Miami,
143.105.0.0/24,US,US-VA,Ashburn,
143.105.1.0/24,US,US-VA,Ashburn,
143.105.2.0/24,US,US-VA,Ashburn,
143.105.3.0/24,US,US-VA,Ashburn,
143.105.6.0/24,CA,CA-ON,Toronto,
143.105.8.0/24,CA,CA-AB,Calgary,
143.105.9.0/24,CA,CA-AB,Calgary,
143.105.10.0/24,CA,CA-BC,Vancouver,
143.105.11.0/24,CA,CA-BC,Vancouver,
143.105.12.0/24,US,US-IL,Chicago,
143.105.13.0/24,US,US-IL,Chicago,
143.105.14.0/24,CA,CA-ON,Toronto,
143.105.15.0/24,CA,CA-ON,Toronto,
143.105.16.0/24,MX,MX-DIF,Mexico City,
143.105.17.0/24,MX,MX-DIF,Mexico City,
143.105.20.0/24,US,US-FL,Miami,
143.105.21.0/24,US,US-FL,Miami,
143.105.22.0/24,US,US-FL,Miami,
143.105.23.0/24,US,US-FL,Miami,
143.105.24.0/24,BR,BR-SP,Sao Paulo,
143.105.25.0/24,BR,BR-SP,Sao Paulo,
143.105.26.0/24,KE,KE-30,Nairobi,
143.105.27.0/24,KE,KE-30,Nairobi,
143.105.38.0/24,CA,CA-MB,Winnipeg,
143.105.39.0/24,CA,CA-MB,Winnipeg,
143.105.40.0/24,ZA,ZA-GP,Johannesburg,
143.105.41.0/24,ZA,ZA-GP,Johannesburg,
143.105.50.0/24,US,US-VA,Ashburn,
143.105.51.0/24,US,US-VA,Ashburn,
143.105.52.0/24,US,US-VA,Ashburn,
143.105.53.0/24,US,US-VA,Ashburn,
143.105.56.0/24,US,US-MN,Minneapolis,
143.105.57.0/24,US,US-MN,Minneapolis,
143.105.58.0/24,US,US-AZ,Phoenix,
143.105.59.0/24,US,US-AZ,Phoenix,
143.105.60.0/24,US,US-TX,Dallas,
143.105.61.0/24,US,US-TX,Dallas,
143.105.62.0/24,US,US-TX,Dallas,
143.105.63.0/24,US,US-TX,Dallas,
143.105.68.0/24,MX,MX-DIF,Mexico City,
143.105.69.0/24,MX,MX-DIF,Mexico City,
143.105.70.0/24,MX,MX-DIF,Mexico City,
143.105.71.0/24,MX,MX-DIF,Mexico City,
143.105.72.0/24,CO,CO-DC,Bogota,
143.105.73.0/24,CO,CO-DC,Bogota,
143.105.76.0/24,CL,CL-RM,Santiago,
143.105.77.0/24,CL,CL-RM,Santiago,
143.105.78.0/24,CL,CL-RM,Santiago,
143.105.79.0/24,CL,CL-RM,Santiago,
143.105.82.0/24,BR,BR-CE,Fortaleza,
143.105.83.0/24,BR,BR-CE,Fortaleza,
143.105.84.0/24,US,US-TX,Dallas,
143.105.85.0/24,US,US-TX,Dallas,
143.105.86.0/24,AR,AR-C,Buenos Aires,
143.105.87.0/24,AR,AR-C,Buenos Aires,
143.105.88.0/24,US,US-CO,Denver,
143.105.89.0/24,US,US-CO,Denver,
143.105.90.0/24,US,US-CA,Los Angeles,
143.105.91.0/24,US,US-CA,Los Angeles,
143.105.92.0/24,CA,CA-AB,Calgary,
143.105.93.0/24,CA,CA-AB,Calgary,
143.105.96.0/24,AR,AR-C,Buenos Aires,
143.105.97.0/24,AR,AR-C,Buenos Aires,
143.105.98.0/24,CO,CO-DC,Bogota,
143.105.99.0/24,CO,CO-DC,Bogota,
143.105.100.0/24,CA,CA-BC,Vancouver,
143.105.101.0/24,CA,CA-BC,Vancouver,
143.105.102.0/24,NG,NG-LA,Lagos,
143.105.103.0/24,NG,NG-LA,Lagos,
143.105.104.0/24,US,US-UT,Salt Lake City,
143.105.105.0/24,US,US-UT,Salt Lake City,
143.105.108.0/24,PY,PY-ASU,Asuncion,
143.105.109.0/24,PY,PY-ASU,Asuncion,
143.105.110.0/24,US,US-IL,Chicago,
143.105.111.0/24,US,US-IL,Chicago,
143.105.114.0/24,US,US-IL,Chicago,
143.105.115.0/24,US,US-IL,Chicago,
143.105.116.0/24,US,US-CA,San Jose,
143.105.117.0/24,US,US-CA,San Jose,
143.105.118.0/24,US,US-CA,San Jose,
143.105.119.0/24,US,US-CA,San Jose,
143.105.120.0/24,BD,BD-E,Dhaka,
143.105.121.0/24,BD,BD-E,Dhaka,
143.105.122.0/24,SV,SV-SS,San Salvador,
143.105.123.0/24,SV,SV-SS,San Salvador,
143.105.124.0/24,SX,SX-SX,Philipsburg,
143.105.125.0/24,SX,SX-SX,Philipsburg,
143.105.126.0/24,VC,VC-04,Kingstown,
143.105.127.0/24,VC,VC-04,Kingstown,
143.105.128.0/24,GY,GY-DE,Georgetown,
143.105.129.0/24,GY,GY-DE,Georgetown,
143.105.130.0/24,LC,LC-02,Castries,
143.105.131.0/24,LC,LC-02,Castries,
143.105.132.0/24,CI,CI-AB,Abdijan,
143.105.133.0/24,CI,CI-AB,Abdijan,
143.105.134.0/24,AR,AR-C,Buenos Aires,
143.105.135.0/24,AR,AR-C,Buenos Aires,
143.105.136.0/24,AR,AR-C,Buenos Aires,
143.105.137.0/24,AR,AR-C,Buenos Aires,
143.105.138.0/24,AR,AR-C,Buenos Aires,
143.105.139.0/24,AR,AR-C,Buenos Aires,
143.105.140.0/24,BR,BR-SP,Sao Paulo,
143.105.141.0/24,BR,BR-SP,Sao Paulo,
143.105.142.0/24,BR,BR-SP,Sao Paulo,
143.105.143.0/24,BR,BR-SP,Sao Paulo,
143.105.144.0/24,LR,LR-MO,Monrovia,
143.105.145.0/24,LR,LR-MO,Monrovia,
143.105.147.0/24,VE,VE-A,Caracas,
143.105.148.0/24,US,US-VA,Ashburn,
143.105.149.0/24,US,US-VA,Ashburn,
143.105.150.0/24,US,US-VA,Ashburn,
143.105.151.0/24,US,US-VA,Ashburn,
143.105.152.0/24,CM,CM-CE,Yaoundé,
143.105.153.0/24,CM,CM-CE,Yaoundé,
143.105.154.0/24,GT,GT-01,Guatemala City,
143.105.155.0/24,GT,GT-01,Guatemala City,
143.105.156.0/24,PE,PE-LMA,Lima,
143.105.157.0/24,PE,PE-LMA,Lima,
143.105.158.0/24,US,US-AZ,Tempe,
143.105.159.0/24,US,US-AZ,Tempe,
143.105.160.0/24,TD,TD-ND,N'Djamena,
143.105.161.0/24,TD,TD-ND,N'Djamena,
143.105.162.0/24,TD,TD-ND,N'Djamena,
143.105.163.0/24,TD,TD-ND,N'Djamena,
143.105.164.0/24,VE,VE-A,Caracas,
143.105.165.0/24,VE,VE-A,Caracas,
143.105.166.0/24,KZ,KZ-71,Astana,
143.105.167.0/24,KZ,KZ-71,Astana,
143.105.168.0/24,DM,DM-04,Roseau,
143.105.169.0/24,DM,DM-04,Roseau,
143.105.170.0/24,GD,GD-03,Saint George's,
143.105.171.0/24,GD,GD-03,Saint George's,
143.105.172.0/24,NG,NG-LA,Lagos,
143.105.173.0/24,NG,NG-LA,Lagos,
143.105.174.0/24,NG,NG-LA,Lagos,
143.105.175.0/24,NG,NG-LA,Lagos,
143.105.176.0/24,CL,CL-RM,Santiago,
143.105.177.0/24,CL,CL-RM,Santiago,
143.105.178.0/24,CL,CL-RM,Santiago,
143.105.179.0/24,CL,CL-RM,Santiago,
143.105.180.0/24,PE,PE-LMA,Lima,
143.105.181.0/24,PE,PE-LMA,Lima,
143.105.182.0/24,US,US-CO,Denver,
143.105.183.0/24,US,US-CO,Denver,
143.105.184.0/24,GW,GW-BS,Bissau,
143.105.185.0/24,GW,GW-BS,Bissau,
143.105.186.0/24,SS,SS-EC,Juba,
143.105.187.0/24,SS,SS-EC,Juba,
143.105.188.0/24,US,US-MN,Minneapolis,
143.105.189.0/24,US,US-MN,Minneapolis,
143.105.190.0/24,US,US-VA,Ashburn,
143.105.191.0/24,US,US-VA,Ashburn,
143.105.192.0/24,US,US-IL,Chicago,
143.105.193.0/24,US,US-IL,Chicago,
145.224.64.0/24,GB,GB-EN,London,
145.224.65.0/24,GB,GB-EN,London,
145.224.66.0/24,GB,GB-EN,London,
145.224.67.0/24,GB,GB-EN,London,
145.224.68.0/24,GB,GB-EN,London,
145.224.69.0/24,GB,GB-EN,London,
145.224.70.0/24,GB,GB-EN,London,
145.224.71.0/24,GB,GB-EN,London,
145.224.72.0/24,DE,DE-BE,Berlin,
145.224.73.0/24,DE,DE-BE,Berlin,
145.224.74.0/24,DE,DE-BE,Berlin,
145.224.75.0/24,DE,DE-BE,Berlin,
145.224.76.0/24,FR,FR-IDF,Paris,
145.224.77.0/24,FR,FR-IDF,Paris,
145.224.78.0/24,FR,FR-IDF,Paris,
145.224.79.0/24,FR,FR-IDF,Paris,
145.224.82.0/24,DE,DE-BE,Berlin,
145.224.83.0/24,DE,DE-BE,Berlin,
145.224.88.0/24,GB,GB-EN,London,
145.224.89.0/24,GB,GB-EN,London,
145.224.90.0/24,GB,GB-EN,London,
145.224.91.0/24,GB,GB-EN,London,
145.224.100.0/24,UA,UA-30,Kyiv,
145.224.101.0/24,UA,UA-30,Kyiv,
145.224.102.0/24,UA,UA-30,Kyiv,
145.224.103.0/24,UA,UA-30,Kyiv,
145.224.104.0/24,UA,UA-30,Kyiv,
145.224.105.0/24,UA,UA-30,Kyiv,
145.224.106.0/24,UA,UA-30,Kyiv,
145.224.107.0/24,UA,UA-30,Kyiv,
145.224.110.0/24,UA,UA-30,Kyiv,
145.224.111.0/24,UA,UA-30,Kyiv,
145.224.112.0/24,GB,GB-EN,London,
145.224.113.0/24,GB,GB-EN,London,
145.224.114.0/24,ES,ES-MD,Madrid,
145.224.115.0/24,ES,ES-MD,Madrid,
145.224.118.0/24,GR,GR-IX,Athens,
145.224.119.0/24,GR,GR-IX,Athens,
145.224.120.0/24,OM,OM-MA,Muscat,
145.224.121.0/24,OM,OM-MA,Muscat,
148.222.128.0/24,PY,PY-ASU,Asuncion,
148.222.129.0/24,PY,PY-ASU,Asuncion,
148.222.132.0/24,MX,MX-DIF,Mexico City,
148.222.133.0/24,MX,MX-DIF,Mexico City,
148.222.192.0/24,BR,BR-SP,Sao Paulo,
148.222.193.0/24,BR,BR-SP,Sao Paulo,
148.222.194.0/24,AR,AR-C,Buenos Aires,
148.222.195.0/24,AR,AR-C,Buenos Aires,
148.222.198.0/24,CO,CO-DC,Bogota,
148.222.199.0/24,CO,CO-DC,Bogota,
148.222.202.0/24,AR,AR-C,Buenos Aires,
148.222.203.0/24,AR,AR-C,Buenos Aires,
148.222.204.0/24,CL,CL-RM,Santiago,
148.222.205.0/24,CL,CL-RM,Santiago,
148.222.206.0/24,BR,BR-SP,Sao Paulo,
148.222.207.0/24,BR,BR-SP,Sao Paulo,
148.222.208.0/24,BR,BR-CE,Fortaleza,
148.222.209.0/24,BR,BR-CE,Fortaleza,
148.222.210.0/24,BR,BR-SP,Sao Paulo,
148.222.211.0/24,BR,BR-SP,Sao Paulo,
148.222.212.0/24,AR,AR-C,Buenos Aires,
148.222.213.0/24,AR,AR-C,Buenos Aires,
148.222.214.0/24,CL,CL-RM,Santiago,
148.222.215.0/24,CL,CL-RM,Santiago,
148.222.218.0/24,CL,CL-RM,Santiago,
148.222.219.0/24,CL,CL-RM,Santiago,
149.19.164.0/24,BR,BR-SP,Sao Paulo,
149.19.165.0/24,BR,BR-SP,Sao Paulo,
149.19.166.0/24,BR,BR-SP,Sao Paulo,
149.19.167.0/24,BR,BR-SP,Sao Paulo,
149.19.169.0/24,MX,MX-DIF,Mexico City,
149.19.172.0/24,BR,BR-SP,Sao Paulo,
149.19.173.0/24,BR,BR-SP,Sao Paulo,
161.248.12.0/24,ID,ID-JK,Jakarta,
161.248.13.0/24,ID,ID-JK,Jakarta,
162.43.192.0/24,NE,NE-8,Niamey,
162.43.193.0/24,NE,NE-8,Niamey,
162.43.194.0/24,GB,GB-EN,London,
162.43.195.0/24,GB,GB-EN,London,
168.140.240.0/24,BD,BD-E,Dhaka,
168.140.241.0/24,BD,BD-E,Dhaka,
168.140.242.0/24,FJ,FJ-C,Suva,
168.140.243.0/24,FJ,FJ-C,Suva,
168.140.244.0/24,AU,AU-WA,Perth,
168.140.245.0/24,AU,AU-WA,Perth,
168.140.246.0/24,PH,PH-00,Manila,
168.140.247.0/24,PH,PH-00,Manila,
168.140.248.0/24,VU,VU-SEE,Port-Vila,
168.140.249.0/24,VU,VU-SEE,Port-Vila,
168.140.250.0/24,JP,JP-13,Tokyo,
168.140.251.0/24,JP,JP-13,Tokyo,
168.140.252.0/24,AU,AU-QLD,Brisbane,
168.140.253.0/24,AU,AU-QLD,Brisbane,
168.140.254.0/24,AU,AU-QLD,Brisbane,
168.140.255.0/24,AU,AU-QLD,Brisbane,
169.155.224.0/24,DE,DE-BE,Berlin,
169.155.225.0/24,DE,DE-BE,Berlin,
169.155.226.0/24,DE,DE-BE,Berlin,
169.155.227.0/24,DE,DE-BE,Berlin,
169.155.228.0/24,DE,DE-BE,Berlin,
169.155.229.0/24,DE,DE-BE,Berlin,
169.155.230.0/24,DE,DE-BE,Berlin,
169.155.231.0/24,DE,DE-BE,Berlin,
169.155.234.0/24,ES,ES-MD,Madrid,
169.155.235.0/24,ES,ES-MD,Madrid,
169.155.236.0/24,PT,PT-11,Lisbon,
169.155.237.0/24,PT,PT-11,Lisbon,
169.155.238.0/24,IE,IE-D,Dublin,
169.155.239.0/24,IE,IE-D,Dublin,
169.155.240.0/24,BE,BE-BRU,Brussels,
169.155.241.0/24,BE,BE-BRU,Brussels,
169.155.244.0/24,GB,GB-EN,London,
169.155.245.0/24,GB,GB-EN,London,
169.155.246.0/24,GB,GB-EN,London,
169.155.247.0/24,GB,GB-EN,London,
169.155.248.0/24,FR,FR-IDF,Paris,
169.155.249.0/24,FR,FR-IDF,Paris,
169.155.250.0/24,FR,FR-IDF,Paris,
169.155.251.0/24,FR,FR-IDF,Paris,
169.155.252.0/24,FR,FR-IDF,Paris,
169.155.253.0/24,FR,FR-IDF,Paris,
169.155.254.0/24,FR,FR-IDF,Paris,
169.155.255.0/24,FR,FR-IDF,Paris,
170.203.192.0/24,MX,MX-DIF,Mexico City,
170.203.193.0/24,MX,MX-DIF,Mexico City,
170.203.196.0/24,BR,BR-CE,Fortaleza,
170.203.197.0/24,BR,BR-CE,Fortaleza,
170.203.200.0/24,CA,CA-BC,Vancouver,
170.203.201.0/24,CA,CA-BC,Vancouver,
170.203.202.0/24,CA,CA-BC,Vancouver,
170.203.203.0/24,CA,CA-BC,Vancouver,
170.203.204.0/24,CA,CA-BC,Vancouver,
170.203.205.0/24,CA,CA-BC,Vancouver,
170.203.206.0/24,CA,CA-BC,Vancouver,
170.203.207.0/24,CA,CA-BC,Vancouver,
170.203.208.0/24,CA,CA-AB,Calgary,
170.203.209.0/24,CA,CA-AB,Calgary,
170.203.210.0/24,CA,CA-AB,Calgary,
170.203.211.0/24,CA,CA-AB,Calgary,
170.203.212.0/24,CA,CA-AB,Calgary,
170.203.213.0/24,CA,CA-AB,Calgary,
170.203.214.0/24,CA,CA-AB,Calgary,
170.203.215.0/24,CA,CA-AB,Calgary,
170.203.216.0/24,CA,CA-AB,Calgary,
170.203.217.0/24,CA,CA-AB,Calgary,
170.203.218.0/24,CA,CA-AB,Calgary,
170.203.219.0/24,CA,CA-AB,Calgary,
170.203.220.0/24,CA,CA-AB,Calgary,
170.203.221.0/24,CA,CA-AB,Calgary,
173.250.192.0/24,US,US-CA,Hawthorne,
173.250.194.0/24,US,US-CA,Hawthorne,
173.250.195.0/24,US,US-CA,Hawthorne,
176.116.124.0/24,ES,ES-MD,Madrid,
176.116.125.0/24,ES,ES-MD,Madrid,
179.60.168.0/24,BR,BR-CE,Fortaleza,
179.60.169.0/24,BR,BR-CE,Fortaleza,
179.60.170.0/24,BR,BR-CE,Fortaleza,
179.60.171.0/24,BR,BR-CE,Fortaleza,
188.92.252.0/24,ES,ES-MD,Madrid,
188.92.253.0/24,ES,ES-MD,Madrid,
192.31.242.0/24,US,US-CA,Hawthorne,
192.31.243.0/24,US,US-VA,Ashburn,
199.164.147.0/24,US,US-VA,Ashburn,
200.189.16.0/24,EC,EC-P,Quito,
200.189.17.0/24,PE,PE-LMA,Lima,
200.189.20.0/24,GT,GT-01,Guatemala City,
200.189.21.0/24,GT,GT-01,Guatemala City,
200.189.24.0/24,BR,BR-SP,Sao Paulo,
200.189.25.0/24,BR,BR-SP,Sao Paulo,
200.189.26.0/24,CO,CO-DC,Bogota,
200.189.28.0/24,BR,BR-SP,Sao Paulo,
200.189.29.0/24,BR,BR-SP,Sao Paulo,
202.65.224.0/24,ID,ID-JK,Jakarta,
202.65.225.0/24,ID,ID-JK,Jakarta,
202.65.226.0/24,ID,ID-JK,Jakarta,
202.65.227.0/24,ID,ID-JK,Jakarta,
202.65.228.0/24,ID,ID-JK,Jakarta,
202.65.229.0/24,ID,ID-JK,Jakarta,
202.65.230.0/24,ID,ID-JK,Jakarta,
202.65.231.0/24,ID,ID-JK,Jakarta,
202.65.232.0/24,ID,ID-JI,Surabaya,
202.65.233.0/24,ID,ID-JI,Surabaya,
202.65.234.0/24,ID,ID-JI,Surabaya,
202.65.235.0/24,ID,ID-JI,Surabaya,
202.65.236.0/24,ID,ID-JI,Surabaya,
202.65.237.0/24,ID,ID-JI,Surabaya,
202.65.238.0/24,ID,ID-JK,Jakarta,
202.65.239.0/24,ID,ID-JK,Jakarta,
205.174.157.0/24,US,US-AK,Nome,
206.83.96.0/24,NZ,NZ-AUK,Auckland,
206.83.97.0/24,NZ,NZ-AUK,Auckland,
206.83.98.0/24,NZ,NZ-AUK,Auckland,
206.83.99.0/24,NZ,NZ-AUK,Auckland,
206.83.100.0/24,NZ,NZ-AUK,Auckland,
206.83.101.0/24,NZ,NZ-AUK,Auckland,
206.83.102.0/24,NZ,NZ-AUK,Auckland,
206.83.103.0/24,NZ,NZ-AUK,Auckland,
206.83.112.0/24,AU,AU-NSW,Sydney,
206.83.113.0/24,AU,AU-NSW,Sydney,
206.83.114.0/24,AU,AU-NSW,Sydney,
206.83.115.0/24,AU,AU-NSW,Sydney,
206.83.116.0/24,AU,AU-NSW,Sydney,
206.83.118.0/24,AU,AU-NSW,Sydney,
206.83.119.0/24,AU,AU-NSW,Sydney,
206.83.120.0/24,AU,AU-NSW,Sydney,
206.83.121.0/24,AU,AU-NSW,Sydney,
206.83.122.0/24,AU,AU-NSW,Sydney,
206.83.123.0/24,AU,AU-NSW,Sydney,
209.198.128.0/24,GB,GB-EN,London,
209.198.129.0/24,GB,GB-EN,London,
209.198.136.0/24,FR,FR-IDF,Paris,
209.198.137.0/24,FR,FR-IDF,Paris,
209.198.138.0/24,BG,BG-22,Sofia,
209.198.139.0/24,BG,BG-22,Sofia,
209.198.140.0/24,NL,NL-NH,Amsterdam,
209.198.141.0/24,NL,NL-NH,Amsterdam,
209.198.146.0/24,OM,OM-MA,Muscat,
209.198.147.0/24,OM,OM-MA,Muscat,
209.198.152.0/24,DE,DE-BE,Berlin,
209.198.153.0/24,DE,DE-BE,Berlin,
209.198.156.0/24,NO,NO-03,Oslo,
209.198.157.0/24,NO,NO-03,Oslo,
209.198.158.0/24,AT,AT-9,Vienna,
209.198.159.0/24,AT,AT-9,Vienna,
212.105.128.0/24,GB,GB-EN,London,
212.105.129.0/24,GB,GB-EN,London,
212.105.130.0/24,PL,PL-14,Warsaw,
212.105.131.0/24,PL,PL-14,Warsaw,
212.105.132.0/24,JO,JO-AM,Amman,
212.105.133.0/24,JO,JO-AM,Amman,
212.105.140.0/24,ES,ES-MD,Madrid,
212.105.141.0/24,ES,ES-MD,Madrid,
212.105.146.0/24,GB,GB-EN,London,
212.105.147.0/24,GB,GB-EN,London,
212.105.152.0/24,IT,IT-25,Milan,
212.105.153.0/24,IT,IT-25,Milan,
212.105.154.0/24,IT,IT-25,Milan,
212.105.155.0/24,IT,IT-25,Milan,
212.105.156.0/24,DE,DE-BE,Berlin,
212.105.157.0/24,DE,DE-BE,Berlin,
216.128.2.0/24,GB,GB-EN,London,
216.128.3.0/24,GB,GB-EN,London,
216.128.14.0/24,IL,IL-JM,Jerusalem,
216.128.15.0/24,IL,IL-JM,Jerusalem,
216.128.18.0/24,AT,AT-9,Vienna,
216.128.19.0/24,AT,AT-9,Vienna,
216.128.20.0/24,PS,PS-RBH,Ramallah,
216.128.21.0/24,PS,PS-RBH,Ramallah,
216.128.22.0/24,FR,FR-IDF,Paris,
216.128.26.0/24,IT,IT-62,Rome,
216.128.27.0/24,IT,IT-62,Rome,
216.128.28.0/24,GB,GB-EN,London,
216.128.29.0/24,GB,GB-EN,London,
216.128.30.0/24,UA,UA-30,Kyiv,
216.128.31.0/24,UA,UA-30,Kyiv,
216.147.120.0/24,US,US-CO,Denver,
216.147.121.0/24,US,US-CO,Denver,
216.147.122.0/24,US,US-CO,Denver,
216.147.123.0/24,US,US-CO,Denver,
216.147.124.0/24,US,US-CO,Denver,
216.147.125.0/24,US,US-CO,Denver,
216.147.126.0/24,US,US-CO,Denver,
216.147.127.0/24,US,US-CO,Denver,
216.234.192.0/24,CA,CA-SK,Regina,
216.234.193.0/24,CA,CA-SK,Regina,
216.234.194.0/24,CA,CA-BC,Vancouver,
216.234.195.0/24,CA,CA-BC,Vancouver,
216.234.196.0/24,US,US-VA,Ashburn,
216.234.197.0/24,US,US-VA,Ashburn,
216.234.198.0/24,US,US-CA,San Jose,
216.234.199.0/24,US,US-CA,San Jose,
216.234.200.0/24,US,US-CA,San Jose,
216.234.201.0/24,US,US-CA,San Jose,
216.234.204.0/24,MX,MX-DIF,Mexico City,
216.234.205.0/24,MX,MX-DIF,Mexico City,
216.234.206.0/24,US,US-VA,Ashburn,
216.234.207.0/24,US,US-VA,Ashburn,
216.234.208.0/24,BR,BR-SP,Sao Paulo,
216.234.209.0/24,BR,BR-SP,Sao Paulo,
216.234.210.0/24,MZ,MZ-MPM,Maputo,
216.234.211.0/24,MZ,MZ-MPM,Maputo,
216.234.212.0/24,ZM,ZM-09,Lusaka,
216.234.213.0/24,ZM,ZM-09,Lusaka,
216.234.214.0/24,ZW,ZW-HA,Harare,
216.234.215.0/24,ZW,ZW-HA,Harare,
216.234.216.0/24,MW,MW-LI,Lilongwe,
216.234.217.0/24,MW,MW-LI,Lilongwe,
216.234.222.0/24,HN,HN-FM,Tegucigalpa,
216.234.223.0/24,HN,HN-FM,Tegucigalpa,
217.65.136.0/24,ES,ES-MD,Madrid,
217.65.137.0/24,ES,ES-MD,Madrid,
217.65.138.0/24,ES,ES-MD,Madrid,
217.65.139.0/24,ES,ES-MD,Madrid,
217.142.16.0/24,DE,DE-BE,Berlin,
217.142.17.0/24,DE,DE-BE,Berlin,
217.142.18.0/24,DE,DE-BE,Berlin,
217.142.19.0/24,DE,DE-BE,Berlin,
217.142.20.0/24,BG,BG-22,Sofia,
217.142.21.0/24,BG,BG-22,Sofia,
217.142.22.0/24,BG,BG-22,Sofia,
217.142.23.0/24,BG,BG-22,Sofia,
14.1.68.0/25,SG,SG-01,Singapore,
14.1.68.128/25,SG,SG-01,Singapore,
14.1.69.128/25,TV,TV-FUN,Funafuti,
14.1.76.128/25,BT,BT-15,Thimphu,
14.1.80.0/25,AU,AU-NSW,Sydney,
14.1.80.128/25,AU,AU-NSW,Sydney,
14.1.81.0/25,MN,MN-1,Ulaanbaatar,
14.1.89.0/25,PH,PH-00,Manila,
14.1.89.128/25,PH,PH-00,Manila,
14.1.90.0/25,NZ,NZ-CAN,Christchurch,
14.1.90.128/25,NZ,NZ-CAN,Christchurch,
14.1.91.0/25,JP,JP-13,Tokyo,
14.1.91.128/25,JP,JP-13,Tokyo,
14.1.92.0/25,PH,PH-00,Manila,
14.1.92.128/25,PH,PH-00,Manila,
14.1.93.0/25,AU,AU-WA,Perth,
14.1.93.128/25,AU,AU-WA,Perth,
27.131.250.0/25,ID,ID-JK,Jakarta,
27.131.250.128/25,ID,ID-JK,Jakarta,
65.181.8.0/25,PH,PH-00,Manila,
65.181.8.128/25,PH,PH-00,Manila,
65.181.9.0/25,PH,PH-00,Manila,
65.181.9.128/25,PH,PH-00,Manila,
65.181.10.0/25,TO,TO-04,Nuku'alofa,
65.181.11.0/25,AU,AU-NSW,Sydney,
65.181.11.128/25,AU,AU-NSW,Sydney,
65.181.26.0/25,MY,MY-14,Kuala Lumpur,
65.181.26.128/25,MY,MY-14,Kuala Lumpur,
65.181.27.0/25,NZ,NZ-CAN,Christchurch,
65.181.27.128/25,NZ,NZ-CAN,Christchurch,
65.181.28.0/25,FM,FM-PNI,Palikir,
65.181.29.128/25,MP,MP-MP,Saipan,
65.181.30.0/25,AU,AU-WA,Perth,
65.181.30.128/25,AU,AU-WA,Perth,
65.181.31.0/25,AU,AU-NSW,Sydney,
65.181.31.128/25,AU,AU-NSW,Sydney,
66.9.161.0/25,GT,GT-01,Guatemala City,
66.9.161.128/25,GT,GT-01,Guatemala City,
66.9.165.0/25,PR,PR-630,San Juan,
66.9.165.128/25,PR,PR-630,San Juan,
66.9.167.0/25,JM,JM-01,Kingston,
66.9.167.128/25,JM,JM-01,Kingston,
66.9.170.0/25,HT,HT-OU,Port-au-Prince,
66.9.170.128/25,HT,HT-OU,Port-au-Prince,
66.9.171.0/25,TT,TT-POS,Port of Spain,
66.9.172.0/25,DO,DO-01,Santo Domingo,
66.9.173.0/25,HN,HN-FM,Tegucigalpa,
66.9.178.0/25,MX,MX-DIF,Mexico City,
66.9.178.128/25,MX,MX-DIF,Mexico City,
66.9.179.0/25,MG,MG-T,Antananarivo,
66.9.179.128/25,MG,MG-T,Antananarivo,
87.251.25.0/25,YE,YE-AD,Aden,
87.251.25.128/25,YE,YE-AD,Aden,
91.102.181.0/25,QA,QA-DA,Doha,
91.102.181.128/25,QA,QA-DA,Doha,
98.97.48.0/25,BB,BB-08,Bridgetown,
98.97.49.0/25,BL,BL-BL,Gustavia,
98.97.50.0/25,GP,GP-GP,Basse-Terre,
98.97.51.0/25,MF,MF-MF,Marigot,
98.97.52.0/25,MQ,MQ-MQ,Fort-de-France,
98.97.53.0/25,VI,VI-VI,Charlotte Amalie,
98.97.54.0/25,BS,BS-NP,Nassau,
98.97.73.0/25,US,US-WA,Seattle,
98.97.74.128/25,GU,GU-HGT,Hagatna,
98.97.75.0/25,CA,CA-SK,Regina,
98.97.75.128/25,CA,CA-SK,Regina,
98.97.76.0/25,MQ,MQ-MQ,Fort-de-France,
98.97.76.128/25,MQ,MQ-MQ,Fort-de-France,
98.97.77.0/25,SD,SD-KH,Khartoum,
98.97.77.128/25,SD,SD-KH,Khartoum,
98.97.78.0/25,NG,NG-LA,Lagos,
98.97.78.128/25,NG,NG-LA,Lagos,
98.97.129.0/25,CL,CL-RM,Santiago,
98.97.129.128/25,CL,CL-RM,Santiago,
98.97.130.0/25,BR,BR-SP,Sao Paulo,
98.97.130.128/25,BR,BR-SP,Sao Paulo,
98.97.131.0/25,BR,BR-SP,Sao Paulo,
98.97.131.128/25,BR,BR-SP,Sao Paulo,
98.97.135.128/25,AR,AR-C,Buenos Aires,
98.97.144.0/25,UA,UA-30,Kyiv,
98.97.144.128/25,UA,UA-30,Kyiv,
98.97.145.0/25,QA,QA-DA,Doha,
98.97.145.128/25,QA,QA-DA,Doha,
98.97.150.0/25,MZ,MZ-MPM,Maputo,
98.97.150.128/25,MZ,MZ-MPM,Maputo,
98.97.151.0/25,MZ,MZ-MPM,Maputo,
98.97.151.128/25,MZ,MZ-MPM,Maputo,
98.97.158.0/25,SD,SD-KH,Khartoum,
98.97.158.128/25,SD,SD-KH,Khartoum,
98.97.159.0/25,GH,GH-AA,Accra,
98.97.159.128/25,GH,GH-AA,Accra,
98.97.160.0/25,ZM,ZM-09,Lusaka,
98.97.160.128/25,ZM,ZM-09,Lusaka,
98.97.181.0/25,YT,YT-YT,Mayotte,
98.97.181.128/25,YT,YT-YT,Mayotte,
98.97.182.0/25,BH,BH-13,Manama,
98.97.182.128/25,BH,BH-13,Manama,
98.97.183.0/25,SD,SD-KH,Khartoum,
98.97.183.128/25,SD,SD-KH,Khartoum,
98.97.184.128/25,US,US-WA,Seattle,
98.97.185.0/25,ZW,ZW-HA,Harare,
98.97.185.128/25,ZW,ZW-HA,Harare,
98.97.190.0/25,US,US-TX,Dallas,
98.97.190.128/25,US,US-TX,Dallas,
98.97.191.0/25,SD,SD-KH,Khartoum,
98.97.191.128/25,SD,SD-KH,Khartoum,
102.215.56.0/25,NG,NG-LA,Lagos,
102.215.56.128/25,NG,NG-LA,Lagos,
102.215.58.0/25,GM,GM-B,Banjul,
102.215.59.0/25,US,US-AK,Anchorage,
102.215.59.128/25,US,US-AK,Anchorage,
103.114.116.0/25,ID,ID-JK,Jakarta,
103.114.116.128/25,ID,ID-JK,Jakarta,
103.152.126.0/25,TO,TO-04,Nuku'alofa,
103.152.126.128/25,TO,TO-04,Nuku'alofa,
103.152.127.0/25,AQ,AQ-AQ,Antarctica,
103.184.179.0/25,ID,ID-JK,Jakarta,
103.184.179.128/25,ID,ID-JK,Jakarta,
103.228.242.0/25,ID,ID-JK,Jakarta,
103.228.242.128/25,ID,ID-JK,Jakarta,
103.228.243.0/25,ID,ID-JK,Jakarta,
103.228.243.128/25,ID,ID-JK,Jakarta,
103.235.92.0/25,PH,PH-00,Manila,
103.235.92.128/25,PH,PH-00,Manila,
103.235.93.0/25,PH,PH-00,Manila,
103.235.93.128/25,PH,PH-00,Manila,
103.235.94.0/25,PH,PH-00,Manila,
103.235.94.128/25,PH,PH-00,Manila,
103.235.95.0/25,PH,PH-00,Manila,
103.235.95.128/25,PH,PH-00,Manila,
116.91.215.0/25,NZ,NZ-AUK,Auckland,
116.91.215.128/25,NZ,NZ-AUK,Auckland,
116.91.217.0/25,AU,AU-WA,Perth,
116.91.217.128/25,AU,AU-WA,Perth,
129.222.56.0/25,MX,MX-DIF,Mexico City,
129.222.56.128/25,MX,MX-DIF,Mexico City,
129.222.57.0/25,HN,HN-FM,Tegucigalpa,
129.222.57.128/25,HN,HN-FM,Tegucigalpa,
129.222.65.0/25,MX,MX-DIF,Mexico City,
129.222.65.128/25,MX,MX-DIF,Mexico City,
129.222.66.128/25,US,US-HI,Honolulu,
129.222.67.0/25,US,US-AZ,Phoenix,
129.222.67.128/25,US,US-AZ,Phoenix,
129.222.68.0/25,CO,CO-DC,Bogota,
129.222.68.128/25,CO,CO-DC,Bogota,
129.222.69.0/25,GR,GR-IX,Athens,
129.222.69.128/25,GR,GR-IX,Athens,
129.222.94.0/25,CA,CA-QC,Montreal,
129.222.94.128/25,CA,CA-QC,Montreal,
129.222.104.0/25,GT,GT-01,Guatemala City,
129.222.104.128/25,GT,GT-01,Guatemala City,
129.222.105.0/25,US,US-AZ,Phoenix,
129.222.105.128/25,US,US-AZ,Phoenix,
129.222.107.0/25,CO,CO-DC,Bogota,
129.222.107.128/25,CO,CO-DC,Bogota,
129.222.116.0/25,SS,SS-EC,Juba,
129.222.116.128/25,SS,SS-EC,Juba,
129.222.117.0/25,CY,CY-01,Nicosia,
129.222.117.128/25,CY,CY-01,Nicosia,
129.222.143.0/25,US,US-AZ,Phoenix,
129.222.143.128/25,US,US-AZ,Phoenix,
129.222.164.0/25,MX,MX-DIF,Mexico City,
129.222.164.128/25,MX,MX-DIF,Mexico City,
129.222.165.0/25,MG,MG-T,Antananarivo,
129.222.165.128/25,MG,MG-T,Antananarivo,
129.222.182.0/25,PE,PE-LMA,Lima,
129.222.182.128/25,PE,PE-LMA,Lima,
129.222.190.0/25,CY,CY-01,Nicosia,
129.222.190.128/25,CY,CY-01,Nicosia,
129.224.200.128/25,BS,BS-NP,Nassau,
129.224.204.0/25,GU,GU-HGT,Hagatna,
129.224.204.128/25,GU,GU-HGT,Hagatna,
129.224.205.128/25,BJ,BJ-OU,Porto-Novo,
129.224.206.0/25,US,US-WA,Seattle,
129.224.207.0/25,US,US-WA,Seattle,
129.224.207.128/25,US,US-WA,Seattle,
129.224.209.0/25,VE,VE-A,Caracas,
129.224.209.128/25,VE,VE-A,Caracas,
135.129.114.0/25,AR,AR-C,Buenos Aires,
135.129.114.128/25,AR,AR-C,Buenos Aires,
135.129.117.0/25,US,US-UT,Salt Lake City,
135.129.117.128/25,US,US-UT,Salt Lake City,
135.129.119.0/25,US,US-FL,Miami,
135.129.119.128/25,US,US-FL,Miami,
135.129.122.0/25,CA,CA-ON,Toronto,
135.129.122.128/25,CA,CA-ON,Toronto,
135.129.123.0/25,US,US-UT,Salt Lake City,
135.129.123.128/25,US,US-UT,Salt Lake City,
135.129.127.0/25,GT,GT-01,Guatemala City,
135.129.127.128/25,GT,GT-01,Guatemala City,
135.129.244.0/25,US,US-WA,Seattle,
135.129.244.128/25,US,US-WA,Seattle,
138.84.36.0/25,DO,DO-01,Santo Domingo,
138.84.36.128/25,DO,DO-01,Santo Domingo,
138.84.37.0/25,CL,CL-RM,Santiago,
138.84.37.128/25,CL,CL-RM,Santiago,
138.84.38.0/25,PE,PE-LMA,Lima,
138.84.38.128/25,PE,PE-LMA,Lima,
138.84.40.0/25,CO,CO-DC,Bogota,
138.84.40.128/25,CO,CO-DC,Bogota,
138.84.42.0/25,BR,BR-CE,Fortaleza,
138.84.42.128/25,BR,BR-CE,Fortaleza,
138.84.43.0/25,BR,BR-SP,Sao Paulo,
138.84.43.128/25,BR,BR-SP,Sao Paulo,
138.84.46.0/25,PA,PA-8,Panama City,
138.84.47.0/25,CL,CL-RM,Santiago,
138.84.47.128/25,CL,CL-RM,Santiago,
138.84.49.0/25,CO,CO-DC,Bogota,
138.84.49.128/25,CO,CO-DC,Bogota,
138.84.50.0/25,CO,CO-DC,Bogota,
138.84.50.128/25,CO,CO-DC,Bogota,
138.84.52.0/25,HN,HN-FM,Tegucigalpa,
138.84.53.0/25,EC,EC-P,Quito,
138.84.53.128/25,EC,EC-P,Quito,
138.84.56.0/25,MX,MX-DIF,Mexico City,
138.84.56.128/25,MX,MX-DIF,Mexico City,
138.84.58.0/25,BR,BR-SP,Sao Paulo,
138.84.58.128/25,BR,BR-SP,Sao Paulo,
138.84.60.0/25,MX,MX-DIF,Mexico City,
138.84.60.128/25,MX,MX-DIF,Mexico City,
138.84.61.0/25,MX,MX-DIF,Mexico City,
138.84.63.0/25,HN,HN-FM,Tegucigalpa,
138.84.63.128/25,HN,HN-FM,Tegucigalpa,
143.105.4.0/25,CA,CA-ON,Toronto,
143.105.4.128/25,CA,CA-ON,Toronto,
143.105.5.0/25,YT,YT-YT,Mayotte,
143.105.5.128/25,YT,YT-YT,Mayotte,
143.105.7.0/25,CA,CA-ON,Toronto,
143.105.7.128/25,CA,CA-ON,Toronto,
143.105.18.0/25,MX,MX-DIF,Mexico City,
143.105.18.128/25,MX,MX-DIF,Mexico City,
143.105.19.0/25,MN,MN-1,Ulaanbaatar,
143.105.19.128/25,MN,MN-1,Ulaanbaatar,
143.105.28.0/25,GP,GP-GP,Basse-Terre,
143.105.28.128/25,GP,GP-GP,Basse-Terre,
143.105.29.0/25,MF,MF-MF,Marigot,
143.105.29.128/25,MF,MF-MF,Marigot,
143.105.30.0/25,BL,BL-BL,Gustavia,
143.105.30.128/25,BL,BL-BL,Gustavia,
143.105.31.0/25,TT,TT-POS,Port of Spain,
143.105.31.128/25,TT,TT-POS,Port of Spain,
143.105.32.0/25,BB,BB-08,Bridgetown,
143.105.32.128/25,BB,BB-08,Bridgetown,
143.105.33.0/25,VI,VI-VI,Charlotte Amalie,
143.105.33.128/25,VI,VI-VI,Charlotte Amalie,
143.105.34.0/25,BS,BS-NP,Nassau,
143.105.34.128/25,BS,BS-NP,Nassau,
143.105.35.128/25,GF,GF-GF,Cayenne,
143.105.36.0/25,ZW,ZW-HA,Harare,
143.105.36.128/25,ZW,ZW-HA,Harare,
143.105.37.0/25,ZW,ZW-HA,Harare,
143.105.37.128/25,ZW,ZW-HA,Harare,
143.105.42.0/25,HT,HT-OU,Port-au-Prince,
143.105.42.128/25,HT,HT-OU,Port-au-Prince,
143.105.43.0/25,JM,JM-01,Kingston,
143.105.44.0/25,PR,PR-630,San Juan,
143.105.44.128/25,PR,PR-630,San Juan,
143.105.45.128/25,SL,SL-W,Freetown,
143.105.46.0/25,PE,PE-LMA,Lima,
143.105.46.128/25,PE,PE-LMA,Lima,
143.105.47.0/25,BW,BW-GA,Gaborone,
143.105.47.128/25,BW,BW-GA,Gaborone,
143.105.48.0/25,UY,UY-MO,Montevideo,
143.105.48.128/25,UY,UY-MO,Montevideo,
143.105.49.0/25,BW,BW-GA,Gaborone,
143.105.49.128/25,BW,BW-GA,Gaborone,
143.105.54.0/25,GH,GH-AA,Accra,
143.105.54.128/25,GH,GH-AA,Accra,
143.105.55.0/25,MM,MM-06,Yangon,
143.105.55.128/25,MM,MM-06,Yangon,
143.105.64.0/25,BS,BS-NP,Nassau,
143.105.64.128/25,BS,BS-NP,Nassau,
143.105.65.0/25,CA,CA-ON,Toronto,
143.105.65.128/25,CA,CA-ON,Toronto,
143.105.66.0/25,PA,PA-8,Panama City,
143.105.66.128/25,PA,PA-8,Panama City,
143.105.67.0/25,PA,PA-8,Panama City,
143.105.67.128/25,PA,PA-8,Panama City,
143.105.74.0/25,MZ,MZ-MPM,Maputo,
143.105.74.128/25,MZ,MZ-MPM,Maputo,
143.105.75.0/25,SD,SD-KH,Khartoum,
143.105.75.128/25,SD,SD-KH,Khartoum,
143.105.80.0/25,MG,MG-T,Antananarivo,
143.105.80.128/25,MG,MG-T,Antananarivo,
143.105.81.0/25,DO,DO-01,Santo Domingo,
143.105.81.128/25,DO,DO-01,Santo Domingo,
143.105.95.0/25,SB,SB-CT,Honiara,
143.105.95.128/25,SB,SB-CT,Honiara,
143.105.113.0/25,MW,MW-LI,Lilongwe,
143.105.113.128/25,MW,MW-LI,Lilongwe,
143.105.146.0/25,VE,VE-A,Caracas,
143.105.146.128/25,VE,VE-A,Caracas,
145.224.80.0/25,NL,NL-NH,Amsterdam,
145.224.80.128/25,NL,NL-NH,Amsterdam,
145.224.81.0/25,IT,IT-62,Rome,
145.224.81.128/25,IT,IT-62,Rome,
145.224.84.0/25,BE,BE-BRU,Brussels,
145.224.84.128/25,BE,BE-BRU,Brussels,
145.224.85.0/25,GR,GR-IX,Athens,
145.224.85.128/25,GR,GR-IX,Athens,
145.224.87.0/25,DE,DE-BE,Berlin,
145.224.87.128/25,DE,DE-BE,Berlin,
145.224.92.0/25,GG,GG-GG,Saint Peter Port,
145.224.94.0/25,UA,UA-30,Kyiv,
145.224.94.128/25,UA,UA-30,Kyiv,
145.224.95.0/25,ZM,ZM-09,Lusaka,
145.224.95.128/25,ZM,ZM-09,Lusaka,
145.224.96.0/25,DE,DE-BE,Berlin,
145.224.96.128/25,DE,DE-BE,Berlin,
145.224.97.0/25,NL,NL-NH,Amsterdam,
145.224.97.128/25,NL,NL-NH,Amsterdam,
145.224.98.0/25,SE,SE-AB,Stockholm,
145.224.98.128/25,SE,SE-AB,Stockholm,
145.224.99.0/25,YE,YE-AD,Aden,
145.224.99.128/25,YE,YE-AD,Aden,
145.224.108.0/25,BG,BG-22,Sofia,
145.224.108.128/25,BG,BG-22,Sofia,
145.224.116.0/25,FR,FR-IDF,Paris,
145.224.116.128/25,FR,FR-IDF,Paris,
145.224.117.0/25,FR,FR-IDF,Paris,
145.224.117.128/25,FR,FR-IDF,Paris,
145.224.122.0/25,UA,UA-30,Kyiv,
145.224.122.128/25,UA,UA-30,Kyiv,
145.224.123.0/25,UA,UA-30,Kyiv,
145.224.123.128/25,UA,UA-30,Kyiv,
145.224.124.0/25,ES,ES-MD,Madrid,
145.224.124.128/25,ES,ES-MD,Madrid,
145.224.125.0/25,YE,YE-AD,Aden,
145.224.125.128/25,YE,YE-AD,Aden,
145.224.127.0/25,YE,YE-AD,Aden,
145.224.127.128/25,YE,YE-AD,Aden,
148.222.130.0/25,AR,AR-C,Buenos Aires,
148.222.130.128/25,AR,AR-C,Buenos Aires,
148.222.131.0/25,AR,AR-C,Buenos Aires,
148.222.131.128/25,AR,AR-C,Buenos Aires,
148.222.134.128/25,AR,AR-C,Buenos Aires,
148.222.135.0/25,CL,CL-RM,Santiago,
148.222.135.128/25,CL,CL-RM,Santiago,
148.222.196.0/25,PE,PE-LMA,Lima,
148.222.196.128/25,PE,PE-LMA,Lima,
148.222.197.0/25,BR,BR-SP,Sao Paulo,
148.222.197.128/25,BR,BR-SP,Sao Paulo,
148.222.200.0/25,CO,CO-DC,Bogota,
148.222.200.128/25,CO,CO-DC,Bogota,
148.222.201.0/25,EC,EC-P,Quito,
148.222.201.128/25,EC,EC-P,Quito,
148.222.216.0/25,BR,BR-SP,Sao Paulo,
148.222.216.128/25,BR,BR-SP,Sao Paulo,
148.222.217.0/25,AR,AR-C,Buenos Aires,
148.222.217.128/25,AR,AR-C,Buenos Aires,
148.222.220.0/25,CL,CL-RM,Santiago,
148.222.220.128/25,CL,CL-RM,Santiago,
148.222.221.0/25,CL,CL-RM,Santiago,
148.222.221.128/25,CL,CL-RM,Santiago,
148.222.222.0/25,AR,AR-C,Buenos Aires,
148.222.222.128/25,AR,AR-C,Buenos Aires,
148.222.223.0/25,AR,AR-C,Buenos Aires,
148.222.223.128/25,AR,AR-C,Buenos Aires,
149.19.161.0/25,BR,BR-SP,Sao Paulo,
149.19.161.128/25,BR,BR-SP,Sao Paulo,
149.19.162.0/25,CO,CO-DC,Bogota,
149.19.162.128/25,CO,CO-DC,Bogota,
149.19.163.0/25,EC,EC-P,Quito,
149.19.163.128/25,EC,EC-P,Quito,
149.19.168.0/25,MX,MX-DIF,Mexico City,
149.19.168.128/25,MX,MX-DIF,Mexico City,
149.19.170.0/25,MX,MX-DIF,Mexico City,
149.19.170.128/25,MX,MX-DIF,Mexico City,
149.19.171.0/25,MX,MX-DIF,Mexico City,
149.19.171.128/25,MX,MX-DIF,Mexico City,
149.19.174.0/25,BR,BR-SP,Sao Paulo,
149.19.174.128/25,BR,BR-SP,Sao Paulo,
149.19.175.0/25,BR,BR-SP,Sao Paulo,
149.19.175.128/25,BR,BR-SP,Sao Paulo,
169.155.232.0/25,IT,IT-25,Milan,
169.155.232.128/25,IT,IT-25,Milan,
169.155.233.0/25,ES,ES-MD,Madrid,
169.155.233.128/25,ES,ES-MD,Madrid,
169.155.242.0/25,UA,UA-30,Kyiv,
169.155.242.128/25,UA,UA-30,Kyiv,
169.155.243.0/25,PL,PL-14,Warsaw,
169.155.243.128/25,PL,PL-14,Warsaw,
170.203.194.128/25,US,US-HI,Honolulu,
170.203.195.128/25,US,US-HI,Honolulu,
170.203.198.0/25,GR,GR-IX,Athens,
170.203.198.128/25,GR,GR-IX,Athens,
170.203.199.0/25,CR,CR-SJ,San Jose,
170.203.199.128/25,CR,CR-SJ,San Jose,
170.203.222.0/25,CR,CR-SJ,San Jose,
170.203.222.128/25,CR,CR-SJ,San Jose,
179.60.172.0/25,BR,BR-SP,Sao Paulo,
179.60.172.128/25,BR,BR-SP,Sao Paulo,
179.60.173.0/25,SV,SV-SS,San Salvador,
179.60.174.0/25,CR,CR-SJ,San Jose,
179.60.174.128/25,CR,CR-SJ,San Jose,
179.60.175.128/25,GT,GT-01,Guatemala City,
188.92.248.0/25,FR,FR-IDF,Paris,
188.92.248.128/25,FR,FR-IDF,Paris,
188.92.249.0/25,FR,FR-IDF,Paris,
188.92.249.128/25,FR,FR-IDF,Paris,
188.92.250.0/25,IT,IT-25,Milan,
188.92.250.128/25,IT,IT-25,Milan,
188.92.251.0/25,NO,NO-03,Oslo,
188.92.251.128/25,NO,NO-03,Oslo,
188.92.255.0/25,BG,BG-22,Sofia,
188.92.255.128/25,BG,BG-22,Sofia,
188.95.144.0/25,IT,IT-62,Rome,
188.95.144.128/25,IT,IT-62,Rome,
188.95.145.0/25,CY,CY-01,Nicosia,
188.95.145.128/25,CY,CY-01,Nicosia,
200.189.19.0/25,MX,MX-DIF,Mexico City,
200.189.19.128/25,MX,MX-DIF,Mexico City,
200.189.22.128/25,UY,UY-MO,Montevideo,
200.189.23.0/25,AR,AR-C,Buenos Aires,
200.189.23.128/25,AR,AR-C,Buenos Aires,
200.189.27.0/25,CO,CO-DC,Bogota,
200.189.27.128/25,CO,CO-DC,Bogota,
200.189.30.0/25,AR,AR-C,Buenos Aires,
200.189.30.128/25,AR,AR-C,Buenos Aires,
200.189.31.0/25,AR,AR-C,Buenos Aires,
200.189.31.128/25,AR,AR-C,Buenos Aires,
203.17.80.0/25,MY,MY-14,Kuala Lumpur,
203.17.80.128/25,MY,MY-14,Kuala Lumpur,
203.17.82.0/25,PH,PH-00,Manila,
203.17.82.128/25,PH,PH-00,Manila,
203.17.83.0/25,SG,SG-01,Singapore,
203.17.84.0/25,AU,AU-VIC,Melbourne,
203.17.84.128/25,AU,AU-VIC,Melbourne,
203.17.85.0/25,SB,SB-CT,Honiara,
203.17.86.0/25,MV,MV-MLE,Malé,
203.17.87.0/25,AS,AS-AS,Pago Pago,
206.83.104.0/25,JP,JP-13,Tokyo,
206.83.104.128/25,JP,JP-13,Tokyo,
206.83.105.0/25,AU,AU-QLD,Brisbane,
206.83.105.128/25,AU,AU-QLD,Brisbane,
206.83.106.0/25,JP,JP-13,Tokyo,
206.83.106.128/25,JP,JP-13,Tokyo,
206.83.107.0/25,AU,AU-NSW,Sydney,
206.83.107.128/25,AU,AU-NSW,Sydney,
206.83.108.0/25,MY,MY-14,Kuala Lumpur,
206.83.108.128/25,MY,MY-14,Kuala Lumpur,
206.83.109.0/25,JP,JP-13,Tokyo,
206.83.109.128/25,JP,JP-13,Tokyo,
206.83.110.0/25,MY,MY-14,Kuala Lumpur,
206.83.110.128/25,MY,MY-14,Kuala Lumpur,
206.83.111.0/25,AU,AU-WA,Perth,
206.83.111.128/25,AU,AU-WA,Perth,
206.83.117.0/25,AU,AU-NSW,Sydney,
206.83.117.128/25,AU,AU-NSW,Sydney,
206.83.124.0/25,JP,JP-13,Tokyo,
206.83.124.128/25,JP,JP-13,Tokyo,
206.83.125.0/25,JP,JP-13,Tokyo,
206.83.125.128/25,JP,JP-13,Tokyo,
206.83.126.0/25,PN,PN-PN,Adamstown,
206.83.127.128/25,CK,CK-CK,Avarua District,
209.198.130.0/25,FR,FR-IDF,Paris,
209.198.130.128/25,FR,FR-IDF,Paris,
209.198.131.0/25,BG,BG-22,Sofia,
209.198.131.128/25,BG,BG-22,Sofia,
209.198.132.0/25,YE,YE-AD,Aden,
209.198.132.128/25,YE,YE-AD,Aden,
209.198.133.0/25,IT,IT-25,Milan,
209.198.133.128/25,IT,IT-25,Milan,
209.198.134.0/25,PL,PL-14,Warsaw,
209.198.134.128/25,PL,PL-14,Warsaw,
209.198.135.0/25,FR,FR-IDF,Paris,
209.198.135.128/25,FR,FR-IDF,Paris,
209.198.142.0/25,FR,FR-IDF,Paris,
209.198.142.128/25,FR,FR-IDF,Paris,
209.198.144.0/25,DE,DE-BE,Berlin,
209.198.144.128/25,DE,DE-BE,Berlin,
209.198.149.0/25,RO,RO-B,Bucharest,
209.198.149.128/25,RO,RO-B,Bucharest,
209.198.151.0/25,YE,YE-AD,Aden,
209.198.151.128/25,YE,YE-AD,Aden,
212.105.138.0/25,AE,AE-DU,Dubai,
212.105.138.128/25,AE,AE-DU,Dubai,
212.105.139.0/25,UA,UA-30,Kyiv,
212.105.139.128/25,UA,UA-30,Kyiv,
212.105.142.0/25,YE,YE-AD,Aden,
212.105.142.128/25,YE,YE-AD,Aden,
212.105.143.0/25,QA,QA-DA,Doha,
212.105.143.128/25,QA,QA-DA,Doha,
212.105.145.0/25,GB,GB-EN,London,
212.105.145.128/25,GB,GB-EN,London,
212.105.149.0/25,IT,IT-25,Milan,
212.105.149.128/25,IT,IT-25,Milan,
212.105.150.0/25,FR,FR-IDF,Paris,
212.105.150.128/25,FR,FR-IDF,Paris,
212.105.151.0/25,FR,FR-IDF,Paris,
212.105.151.128/25,FR,FR-IDF,Paris,
216.128.0.0/25,KE,KE-30,Nairobi,
216.128.0.128/25,KE,KE-30,Nairobi,
216.128.5.0/25,ES,ES-MD,Madrid,
216.128.5.128/25,ES,ES-MD,Madrid,
216.128.6.0/25,BG,BG-22,Sofia,
216.128.6.128/25,BG,BG-22,Sofia,
216.128.7.0/25,UA,UA-30,Kyiv,
216.128.7.128/25,UA,UA-30,Kyiv,
216.128.9.0/25,IT,IT-25,Milan,
216.128.9.128/25,IT,IT-25,Milan,
216.128.10.0/25,AE,AE-DU,Dubai,
216.128.10.128/25,AE,AE-DU,Dubai,
216.128.11.0/25,IT,IT-25,Milan,
216.128.11.128/25,IT,IT-25,Milan,
216.128.12.0/25,AZ,AZ-BA,Baku,
216.128.13.0/25,IS,IS-1,Reykjavik,
216.128.23.0/25,FR,FR-IDF,Paris,
216.128.23.128/25,FR,FR-IDF,Paris,
216.128.25.0/25,IL,IL-JM,Jerusalem,
216.128.25.128/25,IL,IL-JM,Jerusalem,
216.234.202.0/25,CA,CA-ON,Toronto,
216.234.202.128/25,CA,CA-ON,Toronto,
216.234.203.0/25,BR,BR-CE,Fortaleza,
216.234.203.128/25,BR,BR-CE,Fortaleza,
216.234.219.0/25,BW,BW-GA,Gaborone,
216.234.219.128/25,BW,BW-GA,Gaborone,
216.234.220.0/25,CA,CA-NB,Fredericton,
216.234.220.128/25,CA,CA-NB,Fredericton,
216.234.221.0/25,ZW,ZW-HA,Harare,
216.234.221.128/25,ZW,ZW-HA,Harare,
217.65.140.0/25,FR,FR-IDF,Paris,
217.65.140.128/25,FR,FR-IDF,Paris,
217.65.141.0/25,FR,FR-IDF,Paris,
217.65.141.128/25,FR,FR-IDF,Paris,
217.65.142.0/25,DK,DK-84,Copenhagen,
217.65.142.128/25,DK,DK-84,Copenhagen,
217.65.143.0/25,FR,FR-IDF,Paris,
217.65.143.128/25,FR,FR-IDF,Paris,
217.142.25.0/25,QA,QA-DA,Doha,
217.142.25.128/25,QA,QA-DA,Doha,
217.142.26.0/25,BG,BG-22,Sofia,
217.142.26.128/25,BG,BG-22,Sofia,
217.142.27.0/25,QA,QA-DA,Doha,
217.142.27.128/25,QA,QA-DA,Doha,
217.142.30.0/25,QA,QA-DA,Doha,
217.142.30.128/25,QA,QA-DA,Doha,
14.1.69.0/26,TV,TV-FUN,Funafuti,
14.1.69.64/26,TV,TV-FUN,Funafuti,
14.1.70.64/26,MH,MH-T,Majuro,
14.1.70.128/26,MH,MH-T,Majuro,
14.1.71.64/26,TL,TL-DI,Dili,
14.1.71.128/26,TL,TL-DI,Dili,
14.1.76.0/26,BT,BT-15,Thimphu,
14.1.76.64/26,BT,BT-15,Thimphu,
14.1.77.64/26,WS,WS-TU,Apia,
14.1.77.128/26,WS,WS-TU,Apia,
14.1.81.128/26,MN,MN-1,Ulaanbaatar,
14.1.81.192/26,MN,MN-1,Ulaanbaatar,
14.1.88.64/26,UM,UM-79,Wake Island,
14.1.88.128/26,UM,UM-79,Wake Island,
65.181.10.128/26,TO,TO-04,Nuku'alofa,
65.181.10.192/26,TO,TO-04,Nuku'alofa,
65.181.28.128/26,FM,FM-PNI,Palikir,
65.181.28.192/26,FM,FM-PNI,Palikir,
65.181.29.0/26,MP,MP-MP,Saipan,
65.181.29.64/26,MP,MP-MP,Saipan,
66.9.160.64/26,SL,SL-W,Freetown,
66.9.160.128/26,SL,SL-W,Freetown,
66.9.171.128/26,TT,TT-POS,Port of Spain,
66.9.171.192/26,TT,TT-POS,Port of Spain,
66.9.172.128/26,DO,DO-01,Santo Domingo,
66.9.172.192/26,DO,DO-01,Santo Domingo,
66.9.173.128/26,HN,HN-FM,Tegucigalpa,
66.9.173.192/26,HN,HN-FM,Tegucigalpa,
87.251.24.64/26,LU,LU-LU,Luxembourg,
87.251.24.128/26,LU,LU-LU,Luxembourg,
87.251.26.64/26,MD,MD-CU,Chisinau,
87.251.26.128/26,MD,MD-CU,Chisinau,
87.251.27.64/26,MK,MK-814,Skopje,
87.251.27.128/26,MK,MK-814,Skopje,
87.251.28.64/26,AL,AL-11,Tirana,
87.251.28.128/26,AL,AL-11,Tirana,
87.251.29.64/26,HR,HR-21,Zagreb,
87.251.29.128/26,HR,HR-21,Zagreb,
87.251.30.64/26,FI,FI-18,Helsinki,
87.251.30.128/26,FI,FI-18,Helsinki,
87.251.31.64/26,SE,SE-AB,Stockholm,
87.251.31.128/26,SE,SE-AB,Stockholm,
91.102.180.64/26,PL,PL-14,Warsaw,
91.102.180.128/26,PL,PL-14,Warsaw,
98.97.48.128/26,BB,BB-08,Bridgetown,
98.97.48.192/26,BB,BB-08,Bridgetown,
98.97.49.128/26,BL,BL-BL,Gustavia,
98.97.49.192/26,BL,BL-BL,Gustavia,
98.97.50.128/26,GP,GP-GP,Basse-Terre,
98.97.50.192/26,GP,GP-GP,Basse-Terre,
98.97.51.128/26,MF,MF-MF,Marigot,
98.97.51.192/26,MF,MF-MF,Marigot,
98.97.52.128/26,MQ,MQ-MQ,Fort-de-France,
98.97.52.192/26,MQ,MQ-MQ,Fort-de-France,
98.97.53.128/26,VI,VI-VI,Charlotte Amalie,
98.97.53.192/26,VI,VI-VI,Charlotte Amalie,
98.97.54.128/26,BS,BS-NP,Nassau,
98.97.54.192/26,BS,BS-NP,Nassau,
98.97.55.64/26,GE,GE-TB,Tbilisi,
98.97.55.128/26,MK,MK-814,Skopje,
98.97.72.64/26,CV,CV-PR,Praia,
98.97.72.128/26,CV,CV-PR,Praia,
98.97.73.128/26,US,US-WA,Seattle,
98.97.74.0/26,GU,GU-HGT,Hagatna,
98.97.74.64/26,GU,GU-HGT,Hagatna,
98.97.135.0/26,AR,AR-C,Buenos Aires,
98.97.135.64/26,AR,AR-C,Buenos Aires,
98.97.161.64/26,SV,SV-SS,San Salvador,
98.97.161.128/26,SV,SV-SS,San Salvador,
98.97.180.64/26,SZ,SZ-HH,Mbabane,
98.97.180.128/26,SZ,SZ-HH,Mbabane,
98.97.184.0/26,US,US-WA,Seattle,
102.215.58.128/26,GM,GM-B,Banjul,
102.215.58.192/26,GM,GM-B,Banjul,
103.152.127.128/26,AQ,AQ-AQ,Antarctica,
103.152.127.192/26,AQ,AQ-AQ,Antarctica,
116.91.214.64/26,NR,NR-14,Yaren,
116.91.214.128/26,NR,NR-14,Yaren,
129.222.66.0/26,US,US-HI,Honolulu,
129.222.66.64/26,US,US-HI,Honolulu,
129.222.95.64/26,SS,SS-EC,Juba,
129.222.95.128/26,SS,SS-EC,Juba,
129.222.106.64/26,LS,LS-A,Maseru,
129.222.106.128/26,LS,LS-A,Maseru,
129.224.200.0/26,BS,BS-NP,Nassau,
129.224.200.64/26,BS,BS-NP,Nassau,
129.224.201.64/26,GH,GH-AA,Accra,
129.224.201.128/26,GH,GH-AA,Accra,
129.224.205.0/26,BJ,BJ-OU,Porto-Novo,
129.224.205.64/26,BJ,BJ-OU,Porto-Novo,
129.224.206.128/26,US,US-WA,Seattle,
129.224.208.64/26,GF,GF-GF,Cayenne,
129.224.208.128/26,GF,GF-GF,Cayenne,
135.129.115.64/26,US,US-WA,Seattle,
135.129.115.128/26,US,US-WA,Seattle,
135.129.116.64/26,US,US-TX,Dallas,
135.129.116.128/26,US,US-TX,Dallas,
135.129.126.64/26,GY,GY-DE,Georgetown,
135.129.126.128/26,GY,GY-DE,Georgetown,
138.84.46.128/26,PA,PA-8,Panama City,
138.84.46.192/26,PA,PA-8,Panama City,
138.84.51.64/26,CO,CO-DC,Bogota,
138.84.51.128/26,CO,CO-DC,Bogota,
138.84.52.128/26,HN,HN-FM,Tegucigalpa,
138.84.52.192/26,HN,HN-FM,Tegucigalpa,
138.84.57.64/26,GF,GF-GF,Cayenne,
138.84.57.128/26,GF,GF-GF,Cayenne,
138.84.59.0/26,CR,CR-SJ,San Jose,
138.84.59.64/26,GT,GT-01,Guatemala City,
138.84.59.192/26,GT,GT-01,Guatemala City,
138.84.61.128/26,MX,MX-DIF,Mexico City,
138.84.61.192/26,MX,MX-DIF,Mexico City,
143.105.35.0/26,GF,GF-GF,Cayenne,
143.105.35.64/26,GF,GF-GF,Cayenne,
143.105.43.128/26,JM,JM-01,Kingston,
143.105.43.192/26,JM,JM-01,Kingston,
143.105.45.0/26,SL,SL-W,Freetown,
143.105.45.64/26,SL,SL-W,Freetown,
143.105.94.0/26,HU,HU-BU,Budapest,
143.105.94.64/26,MT,MT-60,Valletta,
143.105.94.128/26,AL,AL-11,Tirana,
143.105.94.192/26,RS,RS-KM,Pristina,
143.105.106.64/26,CD,CD-KN,Kinshasa,
143.105.106.128/26,CD,CD-KN,Kinshasa,
143.105.107.64/26,CD,CD-KN,Kinshasa,
143.105.107.128/26,CD,CD-KN,Kinshasa,
143.105.112.0/26,AM,AM-ER,Yerevan,
143.105.112.64/26,MD,MD-CU,Chisinau,
143.105.112.128/26,HR,HR-21,Zagreb,
143.105.112.192/26,AZ,AZ-BA,Baku,
145.224.86.64/26,CH,CH-ZH,Zurich,
145.224.86.128/26,CH,CH-ZH,Zurich,
145.224.92.128/26,GG,GG-GG,Saint Peter Port,
145.224.92.192/26,GG,GG-GG,Saint Peter Port,
145.224.93.64/26,SK,SK-BL,Bratislava,
145.224.93.128/26,SK,SK-BL,Bratislava,
145.224.109.64/26,CZ,CZ-PR,Prague,
145.224.109.128/26,CZ,CZ-PR,Prague,
145.224.126.0/26,IT,IT-25,Milan,
145.224.126.64/26,IT,IT-25,Milan,
145.224.126.128/26,IT,IT-25,Milan,
145.224.126.192/26,IT,IT-25,Milan,
148.222.134.0/26,AR,AR-C,Buenos Aires,
148.222.134.64/26,AR,AR-C,Buenos Aires,
170.203.194.0/26,US,US-HI,Honolulu,
170.203.194.64/26,US,US-HI,Honolulu,
170.203.195.0/26,US,US-HI,Honolulu,
170.203.195.64/26,US,US-HI,Honolulu,
170.203.223.64/26,BI,BI-GI,Gitega,
170.203.223.128/26,BI,BI-GI,Gitega,
179.60.173.128/26,SV,SV-SS,San Salvador,
179.60.175.0/26,CR,CR-SJ,San Jose,
179.60.175.64/26,GT,GT-01,Guatemala City,
188.92.254.64/26,RO,RO-B,Bucharest,
188.92.254.128/26,RO,RO-B,Bucharest,
200.189.18.64/26,CR,CR-SJ,San Jose,
200.189.18.128/26,CR,CR-SJ,San Jose,
200.189.22.0/26,UY,UY-MO,Montevideo,
200.189.22.64/26,UY,UY-MO,Montevideo,
202.125.100.0/26,ID,ID-JK,Jakarta,
202.125.100.64/26,ID,ID-JK,Jakarta,
203.17.81.64/26,KI,KI-G,Tarawa,
203.17.81.128/26,KI,KI-G,Tarawa,
203.17.83.128/26,SG,SG-01,Singapore,
203.17.83.192/26,SG,SG-01,Singapore,
203.17.85.128/26,SB,SB-CT,Honiara,
203.17.85.192/26,SB,SB-CT,Honiara,
203.17.86.128/26,MV,MV-MLE,Malé,
203.17.86.192/26,MV,MV-MLE,Malé,
203.17.87.128/26,AS,AS-AS,Pago Pago,
203.17.87.192/26,AS,AS-AS,Pago Pago,
206.83.126.128/26,PN,PN-PN,Adamstown,
206.83.126.192/26,PN,PN-PN,Adamstown,
206.83.127.0/26,CK,CK-CK,Avarua District,
206.83.127.64/26,CK,CK-CK,Avarua District,
209.198.143.64/26,LV,LV-RIX,Riga,
209.198.143.128/26,LV,LV-RIX,Riga,
209.198.145.64/26,HU,HU-BU,Budapest,
209.198.145.128/26,HU,HU-BU,Budapest,
209.198.148.64/26,CZ,CZ-PR,Prague,
209.198.148.128/26,CZ,CZ-PR,Prague,
209.198.150.64/26,PM,PM-PM,Saint-Pierre,
209.198.150.128/26,PM,PM-PM,Saint-Pierre,
209.198.154.64/26,CH,CH-ZH,Zurich,
209.198.154.128/26,CH,CH-ZH,Zurich,
209.198.155.64/26,AM,AM-ER,Yerevan,
209.198.155.128/26,AM,AM-ER,Yerevan,
212.105.134.64/26,JO,JO-AM,Amman,
212.105.134.128/26,JO,JO-AM,Amman,
212.105.135.64/26,EE,EE-37,Tallinn,
212.105.135.128/26,EE,EE-37,Tallinn,
212.105.136.64/26,RO,RO-B,Bucharest,
212.105.136.128/26,RO,RO-B,Bucharest,
212.105.137.64/26,YT,YT-YT,Mayotte,
212.105.137.128/26,YT,YT-YT,Mayotte,
212.105.144.64/26,RS,RS-KM,Pristina,
212.105.144.128/26,RS,RS-KM,Pristina,
212.105.148.64/26,SJ,SJ-SJ,Longyearben,
212.105.148.128/26,SJ,SJ-SJ,Longyearben,
212.105.158.64/26,SI,SI-061,Ljubljana,
212.105.158.128/26,SI,SI-061,Ljubljana,
212.105.159.64/26,HR,HR-21,Zagreb,
212.105.159.128/26,HR,HR-21,Zagreb,
216.128.1.64/26,LT,LT-VL,Vilnius,
216.128.1.128/26,LT,LT-VL,Vilnius,
216.128.4.64/26,MT,MT-60,Valletta,
216.128.4.128/26,MT,MT-60,Valletta,
216.128.8.64/26,DK,DK-84,Copenhagen,
216.128.8.128/26,DK,DK-84,Copenhagen,
216.128.12.128/26,AZ,AZ-BA,Baku,
216.128.12.192/26,AZ,AZ-BA,Baku,
216.128.13.128/26,IS,IS-1,Reykjavik,
216.128.13.192/26,IS,IS-1,Reykjavik,
216.128.16.64/26,AX,AX-AX,Mariehamn,
216.128.16.128/26,AX,AX-AX,Mariehamn,
216.128.17.64/26,SK,SK-BL,Bratislava,
216.128.17.128/26,SK,SK-BL,Bratislava,
216.128.24.64/26,HU,HU-BU,Budapest,
216.128.24.128/26,HU,HU-BU,Budapest,
216.234.218.64/26,RE,RE-RE,Reunion,
216.234.218.128/26,RE,RE-RE,Reunion,
217.142.24.64/26,MD,MD-CU,Chisinau,
217.142.24.128/26,MD,MD-CU,Chisinau,
217.142.28.64/26,GE,GE-TB,Tbilisi,
217.142.28.128/26,GE,GE-TB,Tbilisi,
217.142.29.64/26,SI,SI-061,Ljubljana,
217.142.29.128/26,SI,SI-061,Ljubljana,
217.142.31.64/26,HU,HU-BU,Budapest,
217.142.31.128/26,HU,HU-BU,Budapest,
14.1.70.0/27,MH,MH-T,Majuro,
14.1.70.32/27,MH,MH-T,Majuro,
14.1.70.192/27,MH,MH-T,Majuro,
14.1.70.224/27,MH,MH-T,Majuro,
14.1.71.0/27,TL,TL-DI,Dili,
14.1.71.32/27,TL,TL-DI,Dili,
14.1.71.192/27,TL,TL-DI,Dili,
14.1.71.224/27,TL,TL-DI,Dili,
14.1.77.0/27,WS,WS-TU,Apia,
14.1.77.32/27,WS,WS-TU,Apia,
14.1.77.192/27,WS,WS-TU,Apia,
14.1.77.224/27,WS,WS-TU,Apia,
14.1.88.0/27,UM,UM-79,Wake Island,
14.1.88.32/27,UM,UM-79,Wake Island,
14.1.88.192/27,UM,UM-79,Wake Island,
14.1.88.224/27,UM,UM-79,Wake Island,
66.9.160.0/27,SL,SL-W,Freetown,
66.9.160.32/27,SL,SL-W,Freetown,
66.9.160.192/27,SL,SL-W,Freetown,
66.9.160.224/27,SL,SL-W,Freetown,
87.251.24.0/27,LU,LU-LU,Luxembourg,
87.251.24.32/27,LU,LU-LU,Luxembourg,
87.251.24.192/27,LU,LU-LU,Luxembourg,
87.251.24.224/27,LU,LU-LU,Luxembourg,
87.251.26.0/27,MD,MD-CU,Chisinau,
87.251.26.32/27,MD,MD-CU,Chisinau,
87.251.26.192/27,MD,MD-CU,Chisinau,
87.251.26.224/27,MD,MD-CU,Chisinau,
87.251.27.0/27,MK,MK-814,Skopje,
87.251.27.32/27,MK,MK-814,Skopje,
87.251.27.192/27,MK,MK-814,Skopje,
87.251.27.224/27,MK,MK-814,Skopje,
87.251.28.0/27,AL,AL-11,Tirana,
87.251.28.32/27,AL,AL-11,Tirana,
87.251.28.192/27,AL,AL-11,Tirana,
87.251.28.224/27,AL,AL-11,Tirana,
87.251.29.0/27,HR,HR-21,Zagreb,
87.251.29.32/27,HR,HR-21,Zagreb,
87.251.29.192/27,HR,HR-21,Zagreb,
87.251.29.224/27,HR,HR-21,Zagreb,
87.251.30.0/27,FI,FI-18,Helsinki,
87.251.30.32/27,FI,FI-18,Helsinki,
87.251.30.192/27,FI,FI-18,Helsinki,
87.251.30.224/27,FI,FI-18,Helsinki,
87.251.31.0/27,SE,SE-AB,Stockholm,
87.251.31.32/27,SE,SE-AB,Stockholm,
87.251.31.192/27,SE,SE-AB,Stockholm,
87.251.31.224/27,SE,SE-AB,Stockholm,
91.102.180.0/27,PL,PL-14,Warsaw,
91.102.180.32/27,PL,PL-14,Warsaw,
91.102.180.192/27,PL,PL-14,Warsaw,
91.102.180.224/27,PL,PL-14,Warsaw,
98.97.72.0/27,CV,CV-PR,Praia,
98.97.72.32/27,CV,CV-PR,Praia,
98.97.72.192/27,CV,CV-PR,Praia,
98.97.72.224/27,CV,CV-PR,Praia,
98.97.161.0/27,SV,SV-SS,San Salvador,
98.97.161.32/27,SV,SV-SS,San Salvador,
98.97.161.192/27,SV,SV-SS,San Salvador,
98.97.161.224/27,SV,SV-SS,San Salvador,
98.97.180.0/27,SZ,SZ-HH,Mbabane,
98.97.180.32/27,SZ,SZ-HH,Mbabane,
98.97.180.192/27,SZ,SZ-HH,Mbabane,
98.97.180.224/27,SZ,SZ-HH,Mbabane,
116.91.214.0/27,NR,NR-14,Yaren,
116.91.214.32/27,NR,NR-14,Yaren,
116.91.214.192/27,NR,NR-14,Yaren,
116.91.214.224/27,NR,NR-14,Yaren,
129.222.95.0/27,SS,SS-EC,Juba,
129.222.95.32/27,SS,SS-EC,Juba,
129.222.95.192/27,SS,SS-EC,Juba,
129.222.95.224/27,SS,SS-EC,Juba,
129.222.106.0/27,LS,LS-A,Maseru,
129.222.106.32/27,LS,LS-A,Maseru,
129.222.106.192/27,LS,LS-A,Maseru,
129.222.106.224/27,LS,LS-A,Maseru,
129.224.201.0/27,GH,GH-AA,Accra,
129.224.201.32/27,GH,GH-AA,Accra,
129.224.201.192/27,GH,GH-AA,Accra,
129.224.201.224/27,GH,GH-AA,Accra,
129.224.208.0/27,GF,GF-GF,Cayenne,
129.224.208.32/27,GF,GF-GF,Cayenne,
129.224.208.192/27,GF,GF-GF,Cayenne,
129.224.208.224/27,GF,GF-GF,Cayenne,
135.129.115.32/27,US,US-WA,Seattle,
135.129.115.192/27,US,US-WA,Seattle,
135.129.115.224/27,US,US-WA,Seattle,
135.129.116.32/27,US,US-TX,Dallas,
135.129.116.192/27,US,US-TX,Dallas,
135.129.126.0/27,GY,GY-DE,Georgetown,
135.129.126.32/27,GY,GY-DE,Georgetown,
135.129.126.192/27,GY,GY-DE,Georgetown,
135.129.126.224/27,GY,GY-DE,Georgetown,
138.84.51.0/27,CO,CO-DC,Bogota,
138.84.51.32/27,CO,CO-DC,Bogota,
138.84.51.192/27,CO,CO-DC,Bogota,
138.84.51.224/27,CO,CO-DC,Bogota,
138.84.57.0/27,GF,GF-GF,Cayenne,
138.84.57.32/27,GF,GF-GF,Cayenne,
138.84.57.192/27,GF,GF-GF,Cayenne,
138.84.57.224/27,GF,GF-GF,Cayenne,
138.84.59.128/27,CR,CR-SJ,San Jose,
138.84.59.160/27,GT,GT-01,Guatemala City,
143.105.106.0/27,CD,CD-KN,Kinshasa,
143.105.106.32/27,CD,CD-KN,Kinshasa,
143.105.106.192/27,CD,CD-KN,Kinshasa,
143.105.106.224/27,CD,CD-KN,Kinshasa,
143.105.107.0/27,CD,CD-KN,Kinshasa,
143.105.107.32/27,CD,CD-KN,Kinshasa,
143.105.107.192/27,CD,CD-KN,Kinshasa,
143.105.107.224/27,CD,CD-KN,Kinshasa,
145.224.86.0/27,CH,CH-ZH,Zurich,
145.224.86.32/27,CH,CH-ZH,Zurich,
145.224.86.192/27,CH,CH-ZH,Zurich,
145.224.86.224/27,CH,CH-ZH,Zurich,
145.224.93.0/27,SK,SK-BL,Bratislava,
145.224.93.32/27,SK,SK-BL,Bratislava,
145.224.93.192/27,SK,SK-BL,Bratislava,
145.224.93.224/27,SK,SK-BL,Bratislava,
145.224.109.0/27,CZ,CZ-PR,Prague,
145.224.109.32/27,CZ,CZ-PR,Prague,
145.224.109.192/27,CZ,CZ-PR,Prague,
145.224.109.224/27,CZ,CZ-PR,Prague,
170.203.223.0/27,BI,BI-GI,Gitega,
170.203.223.32/27,BI,BI-GI,Gitega,
170.203.223.192/27,BI,BI-GI,Gitega,
170.203.223.224/27,BI,BI-GI,Gitega,
179.60.173.192/27,SV,SV-SS,San Salvador,
179.60.173.224/27,SV,SV-SS,San Salvador,
188.92.254.0/27,RO,RO-B,Bucharest,
188.92.254.32/27,RO,RO-B,Bucharest,
188.92.254.192/27,RO,RO-B,Bucharest,
188.92.254.224/27,RO,RO-B,Bucharest,
200.189.18.0/27,CR,CR-SJ,San Jose,
200.189.18.32/27,CR,CR-SJ,San Jose,
200.189.18.192/27,CR,CR-SJ,San Jose,
200.189.18.224/27,CR,CR-SJ,San Jose,
203.17.81.0/27,KI,KI-G,Tarawa,
203.17.81.32/27,KI,KI-G,Tarawa,
203.17.81.192/27,KI,KI-G,Tarawa,
203.17.81.224/27,KI,KI-G,Tarawa,
209.198.143.0/27,LV,LV-RIX,Riga,
209.198.143.32/27,LV,LV-RIX,Riga,
209.198.143.192/27,LV,LV-RIX,Riga,
209.198.143.224/27,LV,LV-RIX,Riga,
209.198.145.0/27,HU,HU-BU,Budapest,
209.198.145.32/27,HU,HU-BU,Budapest,
209.198.145.192/27,HU,HU-BU,Budapest,
209.198.145.224/27,HU,HU-BU,Budapest,
209.198.148.0/27,CZ,CZ-PR,Prague,
209.198.148.32/27,CZ,CZ-PR,Prague,
209.198.148.192/27,CZ,CZ-PR,Prague,
209.198.148.224/27,CZ,CZ-PR,Prague,
209.198.150.0/27,PM,PM-PM,Saint-Pierre,
209.198.150.32/27,PM,PM-PM,Saint-Pierre,
209.198.150.192/27,PM,PM-PM,Saint-Pierre,
209.198.150.224/27,PM,PM-PM,Saint-Pierre,
209.198.154.0/27,CH,CH-ZH,Zurich,
209.198.154.32/27,CH,CH-ZH,Zurich,
209.198.154.192/27,CH,CH-ZH,Zurich,
209.198.154.224/27,CH,CH-ZH,Zurich,
209.198.155.0/27,AM,AM-ER,Yerevan,
209.198.155.32/27,AM,AM-ER,Yerevan,
209.198.155.192/27,AM,AM-ER,Yerevan,
209.198.155.224/27,AM,AM-ER,Yerevan,
212.105.134.0/27,JO,JO-AM,Amman,
212.105.134.32/27,JO,JO-AM,Amman,
212.105.134.192/27,JO,JO-AM,Amman,
212.105.134.224/27,JO,JO-AM,Amman,
212.105.135.0/27,EE,EE-37,Tallinn,
212.105.135.32/27,EE,EE-37,Tallinn,
212.105.135.192/27,EE,EE-37,Tallinn,
212.105.135.224/27,EE,EE-37,Tallinn,
212.105.136.0/27,RO,RO-B,Bucharest,
212.105.136.32/27,RO,RO-B,Bucharest,
212.105.136.192/27,RO,RO-B,Bucharest,
212.105.136.224/27,RO,RO-B,Bucharest,
212.105.137.0/27,YT,YT-YT,Mayotte,
212.105.137.32/27,YT,YT-YT,Mayotte,
212.105.137.192/27,YT,YT-YT,Mayotte,
212.105.137.224/27,YT,YT-YT,Mayotte,
212.105.144.0/27,RS,RS-KM,Pristina,
212.105.144.32/27,RS,RS-KM,Pristina,
212.105.144.192/27,RS,RS-KM,Pristina,
212.105.144.224/27,RS,RS-KM,Pristina,
212.105.148.0/27,SJ,SJ-SJ,Longyearben,
212.105.148.32/27,SJ,SJ-SJ,Longyearben,
212.105.148.192/27,SJ,SJ-SJ,Longyearben,
212.105.148.224/27,SJ,SJ-SJ,Longyearben,
212.105.158.0/27,SI,SI-061,Ljubljana,
212.105.158.32/27,SI,SI-061,Ljubljana,
212.105.158.192/27,SI,SI-061,Ljubljana,
212.105.158.224/27,SI,SI-061,Ljubljana,
212.105.159.0/27,HR,HR-21,Zagreb,
212.105.159.32/27,HR,HR-21,Zagreb,
212.105.159.192/27,HR,HR-21,Zagreb,
212.105.159.224/27,HR,HR-21,Zagreb,
216.128.1.0/27,LT,LT-VL,Vilnius,
216.128.1.32/27,LT,LT-VL,Vilnius,
216.128.1.192/27,LT,LT-VL,Vilnius,
216.128.1.224/27,LT,LT-VL,Vilnius,
216.128.4.0/27,MT,MT-60,Valletta,
216.128.4.32/27,MT,MT-60,Valletta,
216.128.4.192/27,MT,MT-60,Valletta,
216.128.4.224/27,MT,MT-60,Valletta,
216.128.8.0/27,DK,DK-84,Copenhagen,
216.128.8.32/27,DK,DK-84,Copenhagen,
216.128.8.192/27,DK,DK-84,Copenhagen,
216.128.8.224/27,DK,DK-84,Copenhagen,
216.128.16.0/27,AX,AX-AX,Mariehamn,
216.128.16.32/27,AX,AX-AX,Mariehamn,
216.128.16.192/27,AX,AX-AX,Mariehamn,
216.128.16.224/27,AX,AX-AX,Mariehamn,
216.128.17.0/27,SK,SK-BL,Bratislava,
216.128.17.32/27,SK,SK-BL,Bratislava,
216.128.17.192/27,SK,SK-BL,Bratislava,
216.128.17.224/27,SK,SK-BL,Bratislava,
216.128.24.0/27,HU,HU-BU,Budapest,
216.128.24.32/27,HU,HU-BU,Budapest,
216.128.24.192/27,HU,HU-BU,Budapest,
216.128.24.224/27,HU,HU-BU,Budapest,
216.234.218.0/27,RE,RE-RE,Reunion,
216.234.218.32/27,RE,RE-RE,Reunion,
216.234.218.192/27,RE,RE-RE,Reunion,
216.234.218.224/27,RE,RE-RE,Reunion,
217.142.24.0/27,MD,MD-CU,Chisinau,
217.142.24.32/27,MD,MD-CU,Chisinau,
217.142.24.192/27,MD,MD-CU,Chisinau,
217.142.24.224/27,MD,MD-CU,Chisinau,
217.142.28.0/27,GE,GE-TB,Tbilisi,
217.142.28.32/27,GE,GE-TB,Tbilisi,
217.142.28.192/27,GE,GE-TB,Tbilisi,
217.142.28.224/27,GE,GE-TB,Tbilisi,
217.142.29.0/27,SI,SI-061,Ljubljana,
217.142.29.32/27,SI,SI-061,Ljubljana,
217.142.29.192/27,SI,SI-061,Ljubljana,
217.142.29.224/27,SI,SI-061,Ljubljana,
217.142.31.0/27,HU,HU-BU,Budapest,
217.142.31.32/27,HU,HU-BU,Budapest,
217.142.31.192/27,HU,HU-BU,Budapest,
217.142.31.224/27,HU,HU-BU,Budapest,
98.97.73.192/28,US,US-WA,Seattle,
98.97.73.208/28,US,US-WA,Seattle,
129.224.206.192/28,US,US-WA,Seattle,
129.224.206.208/28,US,US-WA,Seattle,
202.125.100.128/28,ID,ID-JK,Jakarta,
202.125.100.144/28,ID,ID-JK,Jakarta,
2401:e320::/40,ID,ID-JK,Jakarta,
2401:e320:100::/40,ID,ID-JK,Jakarta,
2401:e320:400::/40,ID,ID-JI,Surabaya,
2401:e320:500::/40,ID,ID-JI,Surabaya,
2406:2d40:2000::/40,AU,AU-WA,Perth,
2406:2d40:2200::/40,AU,AU-WA,Perth,
2406:2d40:2400::/40,AU,AU-QLD,Brisbane,
2406:2d40:2500::/40,AU,AU-QLD,Brisbane,
2406:2d40:3000::/40,JP,JP-13,Tokyo,
2406:2d40:3300::/40,MN,MN-1,Ulaanbaatar,
2406:2d40:3400::/40,PH,PH-00,Manila,
2406:2d40:4000::/40,AU,AU-NSW,Sydney,
2406:2d40:4100::/40,AU,AU-NSW,Sydney,
2406:2d40:4200::/40,NZ,NZ-AUK,Auckland,
2406:2d40:4400::/40,AU,AU-NSW,Sydney,
2406:2d40:4600::/40,AU,AU-NSW,Sydney,
2406:2d40:4700::/40,AU,AU-NSW,Sydney,
2406:2d40:4d00::/40,AU,AU-NSW,Sydney,
2406:2d40:5000::/40,ID,ID-JK,Jakarta,
2406:2d40:5400::/40,AU,AU-NSW,Sydney,
2406:2d40:6000::/40,MV,MV-MLE,Malé,
2406:2d40:6100::/40,LK,LK-1,Colombo,
2406:2d40:6400::/40,NZ,NZ-CAN,Christchurch,
2406:2d40:6800::/40,AU,AU-VIC,Melbourne,
2406:2d40:6900::/40,AU,AU-VIC,Melbourne,
2406:2d40:6a00::/40,AU,AU-VIC,Melbourne,
2406:2d40:7000::/40,AU,AU-NSW,Sydney,
2406:2d40:7200::/40,NZ,NZ-AUK,Auckland,
2406:2d40:7600::/40,NZ,NZ-AUK,Auckland,
2406:2d40:8000::/40,MY,MY-14,Kuala Lumpur,
2406:2d40:8200::/40,ID,ID-JK,Jakarta,
2406:2d40:8300::/40,BD,BD-E,Dhaka,
2406:2d40:8400::/40,PH,PH-00,Manila,
2406:2d40:9000::/40,PH,PH-00,Manila,
2406:2d40:9100::/40,MY,MY-14,Kuala Lumpur,
2406:2d40:9200::/40,PH,PH-00,Manila,
2406:2d40:9400::/40,PH,PH-00,Manila,
2406:2d40:a000::/40,IN,IN-MH,Mumbai,
2406:2d40:b000::/40,PK,PK-SD,Karachi,
2605:59c0::/40,US,US-VA,Ashburn,
2605:59c0:100::/40,US,US-VA,Ashburn,
2605:59c0:200::/40,US,US-VA,Ashburn,
2605:59c0:400::/40,US,US-VA,Ashburn,
2605:59c0:500::/40,US,US-VA,Ashburn,
2605:59c0:600::/40,US,US-MD,Annapolis,
2605:59c0:700::/40,CA,CA-ON,Toronto,
2605:59c0:1000::/40,US,US-FL,Miami,
2605:59c0:1100::/40,US,US-FL,Miami,
2605:59c0:1200::/40,JM,JM-01,Kingston,
2605:59c0:1300::/40,PR,PR-630,San Juan,
2605:59c0:1700::/40,US,US-FL,Miami,
2605:59c0:2000::/40,US,US-CA,San Jose,
2605:59c0:2100::/40,US,US-CA,San Jose,
2605:59c0:2200::/40,US,US-CA,San Jose,
2605:59c0:2300::/40,US,US-CA,San Jose,
2605:59c0:3000::/40,US,US-UT,Salt Lake City,
2605:59c0:3100::/40,US,US-UT,Salt Lake City,
2605:59c0:3200::/40,US,US-UT,Salt Lake City,
2605:59c0:4000::/40,US,US-AZ,Phoenix,
2605:59c0:4100::/40,US,US-AZ,Phoenix,
2605:59c0:4200::/40,MX,MX-DIF,Mexico City,
2605:59c0:4300::/40,US,US-AZ,Phoenix,
2605:59c0:5400::/40,CA,CA-AB,Calgary,
2605:59c0:5500::/40,CA,CA-BC,Vancouver,
2605:59c0:5600::/40,CA,CA-SK,Regina,
2605:59c0:5700::/40,CA,CA-AB,Calgary,
2605:59c0:5800::/40,US,US-MT,Billings,
2605:59c0:6000::/40,GT,GT-01,Guatemala City,
2605:59c0:6100::/40,MX,MX-DIF,Mexico City,
2605:59c0:6400::/40,ZA,ZA-GP,Johannesburg,
2605:59c0:6e00::/40,US,US-GA,Atlanta,
2605:59c8::/40,US,US-WA,Seattle,
2605:59c8:100::/40,US,US-WA,Seattle,
2605:59c8:200::/40,CA,CA-BC,Vancouver,
2605:59c8:300::/40,CA,CA-AB,Calgary,
2605:59c8:400::/40,US,US-WA,Seattle,
2605:59c8:500::/40,CA,CA-BC,Vancouver,
2605:59c8:600::/40,CA,CA-AB,Calgary,
2605:59c8:700::/40,US,US-WA,Seattle,
2605:59c8:800::/40,US,US-WA,Seattle,
2605:59c8:900::/40,US,US-WA,Seattle,
2605:59c8:a00::/40,CA,CA-AB,Calgary,
2605:59c8:1000::/40,US,US-IL,Chicago,
2605:59c8:1100::/40,US,US-IL,Chicago,
2605:59c8:1200::/40,CA,CA-MB,Winnipeg,
2605:59c8:1300::/40,CA,CA-ON,Toronto,
2605:59c8:1400::/40,US,US-IL,Chicago,
2605:59c8:1500::/40,US,US-IL,Chicago,
2605:59c8:1600::/40,CA,CA-MB,Winnipeg,
2605:59c8:1700::/40,CA,CA-ON,Toronto,
2605:59c8:1800::/40,US,US-IL,Chicago,
2605:59c8:1900::/40,CA,CA-SK,Regina,
2605:59c8:1a00::/40,US,US-IL,Chicago,
2605:59c8:1b00::/40,US,US-IL,Chicago,
2605:59c8:2000::/40,US,US-NY,New York,
2605:59c8:2100::/40,US,US-NY,New York,
2605:59c8:2200::/40,CA,CA-ON,Toronto,
2605:59c8:2300::/40,CA,CA-QC,Montreal,
2605:59c8:2400::/40,US,US-NY,New York,
2605:59c8:2500::/40,US,US-NY,New York,
2605:59c8:2600::/40,CA,CA-ON,Toronto,
2605:59c8:2700::/40,CA,CA-QC,Montreal,
2605:59c8:2800::/40,US,US-NY,New York,
2605:59c8:2900::/40,US,US-NY,New York,
2605:59c8:2a00::/40,CA,CA-ON,Toronto,
2605:59c8:2b00::/40,CA,CA-NB,Fredericton,
2605:59c8:2c00::/40,CA,CA-NS,Halifax,
2605:59c8:3000::/40,US,US-CA,Los Angeles,
2605:59c8:3100::/40,US,US-CA,Los Angeles,
2605:59c8:3200::/40,MX,MX-DIF,Mexico City,
2605:59c8:3300::/40,US,US-CA,Los Angeles,
2605:59c8:3400::/40,US,US-CA,Los Angeles,
2605:59c8:4000::/40,US,US-TX,Dallas,
2605:59c8:4100::/40,US,US-TX,Dallas,
2605:59c8:4200::/40,MX,MX-DIF,Mexico City,
2605:59c8:4300::/40,US,US-TX,Dallas,
2605:59c8:4400::/40,US,US-TX,Dallas,
2605:59c8:4500::/40,US,US-TX,Dallas,
2605:59c8:4600::/40,US,US-TX,Dallas,
2605:59c8:4700::/40,US,US-TX,Dallas,
2605:59c8:5000::/40,US,US-CO,Denver,
2605:59c8:5100::/40,US,US-CO,Denver,
2605:59c8:5200::/40,US,US-CO,Denver,
2605:59c8:5300::/40,US,US-CO,Denver,
2605:59c8:6000::/40,US,US-GA,Atlanta,
2605:59c8:6100::/40,US,US-GA,Atlanta,
2605:59c8:6200::/40,US,US-GA,Atlanta,
2605:59c8:6300::/40,US,US-GA,Atlanta,
2605:59c8:6500::/40,VE,VE-A,Caracas,
2605:59c8:6900::/40,BR,BR-CE,Fortaleza,
2605:59c8:7000::/40,MX,MX-DIF,Mexico City,
2605:59c8:7100::/40,MX,MX-DIF,Mexico City,
2605:59c8:7300::/40,MX,MX-DIF,Mexico City,
2605:59c8:7400::/40,MX,MX-DIF,Mexico City,
2605:59c8:7600::/40,MX,MX-DIF,Mexico City,
2605:59c9::/40,US,US-WA,Seattle,
2605:59c9:100::/40,US,US-WA,Seattle,
2605:59c9:400::/40,US,US-WA,Seattle,
2605:59ca::/40,US,US-WA,Seattle,
2605:59ca:100::/40,US,US-WA,Seattle,
2605:59ca:1000::/40,CA,CA-MB,Winnipeg,
2605:59ca:1100::/40,CA,CA-SK,Regina,
2605:59ca:1200::/40,CA,CA-ON,Toronto,
2605:59ca:1300::/40,US,US-MN,Minneapolis,
2605:59ca:1400::/40,CA,CA-ON,Toronto,
2605:59ca:1500::/40,CA,CA-AB,Calgary,
2605:59ca:1600::/40,US,US-MN,Minneapolis,
2803:9810:3000::/40,CL,CL-RM,Santiago,
2803:9810:3100::/40,BR,BR-SP,Sao Paulo,
2803:9810:3200::/40,CL,CL-RM,Santiago,
2803:9810:4000::/40,BR,BR-SP,Sao Paulo,
2803:9810:4100::/40,PY,PY-ASU,Asuncion,
2803:9810:4200::/40,BR,BR-SP,Sao Paulo,
2803:9810:4300::/40,BR,BR-SP,Sao Paulo,
2803:9810:4400::/40,AR,AR-C,Buenos Aires,
2803:9810:4500::/40,UY,UY-MO,Montevideo,
2803:9810:4600::/40,BR,BR-SP,Sao Paulo,
2803:9810:4800::/40,BR,BR-SP,Sao Paulo,
2803:9810:4a00::/40,BR,BR-SP,Sao Paulo,
2803:9810:4b00::/40,BR,BR-SP,Sao Paulo,
2803:9810:5000::/40,CO,CO-DC,Bogota,
2803:9810:5100::/40,CO,CO-DC,Bogota,
2803:9810:5200::/40,PA,PA-8,Panama City,
2803:9810:5500::/40,BR,BR-SP,Sao Paulo,
2803:9810:5600::/40,VE,VE-A,Caracas,
2803:9810:6000::/40,PE,PE-LMA,Lima,
2803:9810:6100::/40,PE,PE-LMA,Lima,
2803:9810:7000::/40,BR,BR-CE,Fortaleza,
2803:9810:7200::/40,BR,BR-CE,Fortaleza,
2803:9810:8000::/40,HN,HN-FM,Tegucigalpa,
2803:9810:8400::/40,AR,AR-C,Buenos Aires,
2803:9810:8500::/40,CL,CL-RM,Santiago,
2803:9810:8600::/40,AR,AR-C,Buenos Aires,
2803:9810:9000::/40,HN,HN-FM,Tegucigalpa,
2803:9810:a000::/40,HT,HT-OU,Port-au-Prince,
2803:9810:a100::/40,BR,BR-SP,Sao Paulo,
2803:9810:a200::/40,MX,MX-DIF,Mexico City,
2803:9810:b000::/40,AR,AR-C,Buenos Aires,
2803:9810:b100::/40,UY,UY-MO,Montevideo,
2803:9810:b200::/40,BR,BR-SP,Sao Paulo,
2803:9810:b400::/40,BR,BR-SP,Sao Paulo,
2803:9810:b500::/40,AR,AR-C,Buenos Aires,
2803:9810:b600::/40,AR,AR-C,Buenos Aires,
2a0d:3341:b100::/40,DE,DE-BE,Berlin,
2a0d:3341:b300::/40,DE,DE-BE,Berlin,
2a0d:3341:c000::/40,QA,QA-DA,Doha,
2a0d:3341:c400::/40,PL,PL-14,Warsaw,
2a0d:3341:c700::/40,UA,UA-30,Kyiv,
2a0d:3341:c900::/40,UA,UA-30,Kyiv,
2a0d:3341:cc00::/40,IT,IT-25,Milan,
2a0d:3341:cd00::/40,FR,FR-IDF,Paris,
2a0d:3341:cf00::/40,DE,DE-BE,Berlin,
2a0d:3341:d400::/40,OM,OM-MA,Muscat,
2a0d:3341:d800::/40,PL,PL-14,Warsaw,
2a0d:3341:d900::/40,UA,UA-30,Kyiv,
2a0d:3341:e000::/40,SD,SD-KH,Khartoum,
2a0d:3344::/40,FR,FR-IDF,Paris,
2a0d:3344:100::/40,GB,GB-EN,London,
2a0d:3344:200::/40,GB,GB-EN,London,
2a0d:3344:300::/40,GB,GB-EN,London,
2a0d:3344:1000::/40,FR,FR-IDF,Paris,
2a0d:3344:1300::/40,SD,SD-KH,Khartoum,
2a0d:3344:1400::/40,PL,PL-14,Warsaw,
2a0d:3344:1500::/40,DE,DE-BE,Berlin,
2a0d:3344:2000::/40,ES,ES-MD,Madrid,
2a0d:3344:2100::/40,PT,PT-11,Lisbon,
2a0d:3344:2300::/40,FR,FR-IDF,Paris,
2a0d:3344:2500::/40,ES,ES-MD,Madrid,
2a0d:3344:2800::/40,ES,ES-MD,Madrid,
2a0d:3344:3000::/40,BG,BG-22,Sofia,
2a0d:3344:3100::/40,BG,BG-22,Sofia,
2a0d:3344:3200::/40,IT,IT-62,Rome,
2a0d:3344:3500::/40,UA,UA-30,Kyiv,
2a0d:3344:3a00::/40,GR,GR-IX,Athens,
2c0f:2a80::/40,NG,NG-LA,Lagos,
2c0f:2a80:200::/40,RW,RW-01,Kigali,
2c0f:2a80:500::/40,SN,SN-DK,Dakar,
2c0f:2a80:600::/40,GH,GH-AA,Accra,
2c0f:2a80:900::/40,CM,CM-CE,Yaoundé,
2c0f:2a80:a00::/40,NG,NG-LA,Lagos,
2c0f:2a80:2300::/40,KE,KE-30,Nairobi,
2c0f:2a80:2400::/40,KE,KE-30,Nairobi,
2c0f:2a80:3000::/40,SD,SD-KH,Khartoum,
2406:2d40:6b00::/41,AU,AU-TAS,Hobart,
2406:2d40:8180::/41,MM,MM-06,Yangon,
2605:59c0:5c80::/41,ZW,ZW-HA,Harare,
2605:59c0:5d00::/41,ZM,ZM-09,Lusaka,
2605:59c0:5d80::/41,MW,MW-LI,Lilongwe,
2605:59c0:5e00::/41,MZ,MZ-MPM,Maputo,
2605:59c0:5e80::/41,MG,MG-T,Antananarivo,
2605:59c0:5f80::/41,ZW,ZW-HA,Harare,
2605:59c0:6200::/41,SV,SV-SS,San Salvador,
2605:59c0:6280::/41,CR,CR-SJ,San Jose,
2605:59c0:6300::/41,HN,HN-FM,Tegucigalpa,
2605:59c0:6380::/41,MX,MX-DIF,Mexico City,
2605:59c0:6800::/41,PA,PA-8,Panama City,
2605:59c8:6700::/41,DM,DM-04,Roseau,
2803:9810:4780::/41,BR,BR-SP,Sao Paulo,
2a0d:3344:2980::/41,NE,NE-8,Niamey,
2a0d:3344:3980::/41,AE,AE-DU,Dubai,
2a0d:3344:3b00::/41,KZ,KZ-71,Astana,
2c0f:2a80:880::/41,NE,NE-8,Niamey,
2c0f:2a80:b00::/41,CI,CI-AB,Abdijan,
2c0f:2a80:2780::/41,YE,YE-AD,Aden,
2406:2d40:2100::/42,AU,AU-NSW,Sydney,
2406:2d40:2140::/42,TL,TL-DI,Dili,
2406:2d40:2180::/42,CC,CC-CC,West Island,
2406:2d40:2600::/42,FJ,FJ-C,Suva,
2406:2d40:2640::/42,KI,KI-G,Tarawa,
2406:2d40:2680::/42,TO,TO-04,Nuku'alofa,
2406:2d40:26c0::/42,SB,SB-CT,Honiara,
2406:2d40:2700::/42,VU,VU-SEE,Port Vila,
2406:2d40:2740::/42,TL,TL-DI,Dili,
2406:2d40:2780::/42,NR,NR-14,Yaren,
2406:2d40:27c0::/42,TV,TV-FUN,Funafuti,
2406:2d40:3200::/42,GU,GU-HGT,Hagatna,
2406:2d40:3240::/42,BT,BT-15,Thimphu,
2406:2d40:3280::/42,MP,MP-MP,Saipan,
2406:2d40:32c0::/42,FM,FM-PNI,Palikir,
2406:2d40:3500::/42,UM,UM-79,Wake Island,
2406:2d40:3540::/42,MM,MM-06,Yangon,
2406:2d40:3580::/42,MH,MH-T,Majuro,
2406:2d40:4300::/42,TO,TO-04,Nuku'alofa,
2406:2d40:4380::/42,SB,SB-CT,Honiara,
2406:2d40:43c0::/42,FJ,FJ-C,Suva,
2406:2d40:4500::/42,AQ,AQ-AQ,Antarctica,
2406:2d40:4540::/42,KI,KI-G,Tarawa,
2406:2d40:45c0::/42,TL,TL-DI,Dili,
2406:2d40:4c00::/42,PG,PG-NCD,Port Moresby,
2406:2d40:4c40::/42,TL,TL-DI,Dili,
2406:2d40:4c80::/42,NR,NR-14,Yaren,
2406:2d40:6200::/42,BT,BT-15,Thimphu,
2406:2d40:7140::/42,FJ,FJ-C,Suva,
2406:2d40:7300::/42,TO,TO-04,Nuku'alofa,
2406:2d40:7340::/42,CK,CK-CK,Avarua District,
2406:2d40:7380::/42,PN,PN-PN,Adamstown,
2406:2d40:73c0::/42,NZ,NZ-AUK,Auckland,
2406:2d40:7400::/42,AS,AS-AS,Pago Pago,
2406:2d40:7440::/42,TV,TV-FUN,Funafuti,
2406:2d40:7480::/42,AU,AU-NSW,Sydney,
2406:2d40:74c0::/42,TO,TO-04,Nuku'alofa,
2406:2d40:7500::/42,KI,KI-G,Tarawa,
2406:2d40:7540::/42,VU,VU-SEE,Port-Vila,
2406:2d40:7580::/42,WS,WS-TU,Apia,
2406:2d40:75c0::/42,NR,NR-14,Yaren,
2406:2d40:8100::/42,SG,SG-01,Singapore,
2406:2d40:8140::/42,TL,TL-DI,Dili,
2406:2d40:9300::/42,FM,FM-PNI,Palikir,
2406:2d40:9500::/42,MP,MP-MP,Saipan,
2406:2d40:9540::/42,GU,GU-HGT,Hagatna,
2605:59c0:1400::/42,BB,BB-08,Bridgetown,
2605:59c0:1440::/42,BL,BL-BL,Gustavia,
2605:59c0:1480::/42,GP,GP-GP,Basse-Terre,
2605:59c0:14c0::/42,MF,MF-MF,Marigot,
2605:59c0:1500::/42,MQ,MQ-MQ,Fort-de-France,
2605:59c0:1540::/42,VI,VI-VI,Charlotte Amalie,
2605:59c0:1580::/42,BS,BS-NP,Nassau,
2605:59c0:15c0::/42,GY,GY-DE,Georgetown,
2605:59c0:1680::/42,CR,CR-SJ,San Jose,
2605:59c0:16c0::/42,SX,SX-SX,Philipsburg,
2605:59c0:5100::/42,ID,ID-JK,Jakarta,
2605:59c0:5c00::/42,BW,BW-GA,Gaborone,
2605:59c0:5c40::/42,SZ,SZ-HH,Mbabane,
2605:59c0:5f00::/42,RE,RE-RE,Saint Denis,
2605:59c0:5f40::/42,YT,YT-YT,Mayotte,
2605:59c0:6500::/42,LS,LS-A,Maseru,
2605:59c0:6540::/42,CD,CD-KN,Kinshasa,
2605:59c8:2d00::/42,PM,PM-PM,Saint-Pierre,
2605:59c8:3500::/42,UM,UM-79,Wake Island,
2605:59c8:6400::/42,GY,GY-DE,Georgetown,
2605:59c8:6440::/42,LC,LC-02,Castries,
2605:59c8:6480::/42,DO,DO-01,Santo Domingo,
2605:59c8:64c0::/42,VC,VC-04,Kingstown,
2605:59c8:6780::/42,GD,GD-03,Saint George's,
2605:59c8:67c0::/42,BS,BS-NP,Nassau,
2605:59c8:6840::/42,GF,GF-GF,Cayenne,
2605:59c8:7200::/42,SV,SV-SS,San Salvador,
2605:59c8:7240::/42,CR,CR-SJ,San Jose,
2605:59c8:7280::/42,GT,GT-01,Guatemala City,
2605:59c8:72c0::/42,GT,GT-01,Guatemala City,
2605:59c8:7500::/42,CR,CR-SJ,San Jose,
2605:59c8:8000::/42,US,US-WA,Seattle,
2605:59c8:8040::/42,US,US-WA,Seattle,
2803:9810:3300::/42,PY,PY-ASU,Asuncion,
2803:9810:3340::/42,AR,AR-C,Buenos Aires,
2803:9810:3380::/42,AR,AR-C,Buenos Aires,
2803:9810:33c0::/42,AR,AR-C,Buenos Aires,
2803:9810:4700::/42,CO,CO-DC,Bogota,
2803:9810:4900::/42,PE,PE-LMA,Lima,
2803:9810:5340::/42,EC,EC-P,Quito,
2803:9810:5380::/42,BR,BR-SP,Sao Paulo,
2803:9810:53c0::/42,PE,PE-LMA,Lima,
2803:9810:5400::/42,CR,CR-SJ,San Jose,
2803:9810:6200::/42,CO,CO-DC,Bogota,
2803:9810:6240::/42,BR,BR-SP,Sao Paulo,
2803:9810:6280::/42,EC,EC-P,Quito,
2803:9810:62c0::/42,CL,CL-RM,Santiago,
2803:9810:6300::/42,BR,BR-SP,Sao Paulo,
2803:9810:6340::/42,BR,BR-SP,Sao Paulo,
2803:9810:6380::/42,BR,BR-SP,Sao Paulo,
2803:9810:63c0::/42,BR,BR-SP,Sao Paulo,
2803:9810:7100::/42,CV,CV-PR,Praia,
2803:9810:7140::/42,CO,CO-DC,Bogota,
2803:9810:a300::/42,GF,GF-GF,Cayenne,
2803:9810:a340::/42,TT,TT-POS,Port of Spain,
2803:9810:a380::/42,DO,DO-01,Santo Domingo,
2803:9810:a3c0::/42,HN,HN-FM,Tegucigalpa,
2803:9810:a400::/42,DO,DO-01,Santo Domingo,
2803:9810:b300::/42,PY,PY-ASU,Asuncion,
2a0d:3341:b040::/42,PS,PS-RBH,Ramallah,
2a0d:3341:b200::/42,IL,IL-JM,Jerusalem,
2a0d:3341:c100::/42,AE,AE-DU,Dubai,
2a0d:3341:c140::/42,YE,YE-AD,Aden,
2a0d:3341:c180::/42,OM,OM-MA,Muscat,
2a0d:3341:c1c0::/42,SA,SA-01,Riyadh,
2a0d:3341:c200::/42,QA,QA-DA,Doha,
2a0d:3341:c240::/42,JO,JO-AM,Amman,
2a0d:3341:c280::/42,KW,KW-KU,Kuwait City,
2a0d:3341:c2c0::/42,LB,LB-BA,Beirut,
2a0d:3341:c300::/42,BH,BH-13,Manama,
2a0d:3341:c500::/42,EE,EE-37,Tallinn,
2a0d:3341:c540::/42,LV,LV-RIX,Riga,
2a0d:3341:c580::/42,LT,LT-VL,Vilnius,
2a0d:3341:c5c0::/42,CZ,CZ-PR,Prague,
2a0d:3341:c600::/42,FI,FI-18,Helsinki,
2a0d:3341:c640::/42,SE,SE-AB,Stockholm,
2a0d:3341:c680::/42,SK,SK-BL,Bratislava,
2a0d:3341:c6c0::/42,HU,HU-BU,Budapest,
2a0d:3341:c800::/42,RO,RO-B,Bucharest,
2a0d:3341:c840::/42,MD,MD-CU,Chisinau,
2a0d:3341:c880::/42,AT,AT-9,Vienna,
2a0d:3341:ce00::/42,AT,AT-9,Vienna,
2a0d:3341:ce40::/42,CH,CH-ZH,Zurich,
2a0d:3341:ce80::/42,SI,SI-061,Ljubljana,
2a0d:3341:cec0::/42,HR,HR-21,Zagreb,
2a0d:3341:d000::/42,MT,MT-60,Valletta,
2a0d:3341:d040::/42,HU,HU-BU,Budapest,
2a0d:3341:d080::/42,CZ,CZ-PR,Prague,
2a0d:3341:d0c0::/42,SK,SK-BL,Bratislava,
2a0d:3341:d500::/42,YE,YE-AD,Aden,
2a0d:3341:d540::/42,AE,AE-DU,Dubai,
2a0d:3344:640::/42,GG,GG-GG,Saint Peter Port,
2a0d:3344:800::/42,IE,IE-D,Dublin,
2a0d:3344:840::/42,IE,IE-D,Dublin,
2a0d:3344:8c0::/42,BE,BE-BRU,Brussels,
2a0d:3344:c80::/42,NL,NL-NH,Amsterdam,
2a0d:3344:ec0::/42,LU,LU-LU,Luxembourg,
2a0d:3344:fc0::/42,IS,IS-1,Reykjavik,
2a0d:3344:1240::/42,SJ,SJ-SJ,Longyearben,
2a0d:3344:1280::/42,AX,AX-AX,Mariehamn,
2a0d:3344:12c0::/42,QA,QA-DA,Doha,
2a0d:3344:16c0::/42,FI,FI-18,Helsinki,
2a0d:3344:1700::/42,IT,IT-62,Rome,
2a0d:3344:17c0::/42,IL,IL-JM,Jerusalem,
2a0d:3344:1800::/42,YE,YE-AD,Aden,
2a0d:3344:1880::/42,AT,AT-9,Vienna,
2a0d:3344:18c0::/42,BE,BE-BRU,Brussels,
2a0d:3344:1940::/42,CH,CH-ZH,Zurich,
2a0d:3344:1980::/42,CZ,CZ-PR,Prague,
2a0d:3344:19c0::/42,DK,DK-84,Copenhagen,
2a0d:3344:1a40::/42,ES,ES-MD,Madrid,
2a0d:3344:1b00::/42,HU,HU-BU,Budapest,
2a0d:3344:1b40::/42,IT,IT-62,Rome,
2a0d:3344:1b80::/42,LT,LT-VL,Vilnius,
2a0d:3344:1bc0::/42,LV,LV-RIX,Riga,
2a0d:3344:1c80::/42,NL,NL-NH,Amsterdam,
2a0d:3344:1d00::/42,CD,CD-KN,Kinshasa,
2a0d:3344:1d80::/42,SI,SI-061,Ljubljana,
2a0d:3344:1dc0::/42,SK,SK-BL,Bratislava,
2a0d:3344:1e80::/42,LU,LU-LU,Luxembourg,
2a0d:3344:1f00::/42,NO,NO-03,Oslo,
2a0d:3344:1f40::/42,SE,SE-AB,Stockholm,
2a0d:3344:1f80::/42,EE,EE-37,Tallinn,
2a0d:3344:2400::/42,FR,FR-IDF,Paris,
2a0d:3344:2440::/42,IT,IT-25,Milan,
2a0d:3344:2480::/42,AT,AT-9,Vienna,
2a0d:3344:24c0::/42,FR,FR-IDF,Paris,
2a0d:3344:2700::/42,IT,IT-25,Milan,
2a0d:3344:2900::/42,CV,CV-PR,Praia,
2a0d:3344:2940::/42,TD,TD-ND,N'Djamena,
2a0d:3344:2a00::/42,GW,GW-BS,Bissau,
2a0d:3344:3300::/42,GR,GR-IX,Athens,
2a0d:3344:3340::/42,GR,GR-IX,Athens,
2a0d:3344:3380::/42,RO,RO-B,Bucharest,
2a0d:3344:33c0::/42,MK,MK-814,Skopje,
2a0d:3344:3400::/42,GE,GE-TB,Tbilisi,
2a0d:3344:3440::/42,AL,AL-11,Tirana,
2a0d:3344:3480::/42,MD,MD-CU,Chisinau,
2a0d:3344:34c0::/42,HR,HR-21,Zagreb,
2a0d:3344:3600::/42,HU,HU-BU,Budapest,
2a0d:3344:3640::/42,CY,CY-01,Nicosia,
2a0d:3344:3680::/42,AZ,AZ-BA,Baku,
2a0d:3344:36c0::/42,SI,SI-061,Ljubljana,
2a0d:3344:3700::/42,YE,YE-AD,Aden,
2a0d:3344:3740::/42,MT,MT-60,Valletta,
2a0d:3344:3780::/42,SK,SK-BL,Bratislava,
2a0d:3344:37c0::/42,JO,JO-AM,Amman,
2a0d:3344:3800::/42,QA,QA-DA,Doha,
2a0d:3344:3840::/42,RS,RS-KM,Pristina,
2a0d:3344:3880::/42,AT,AT-9,Vienna,
2a0d:3344:38c0::/42,CZ,CZ-PR,Prague,
2a0d:3344:3900::/42,AM,AM-ER,Yerevan,
2a0d:3344:3940::/42,CY,CY-01,Nicosia,
2c0f:2a80:300::/42,CV,CV-PR,Praia,
2c0f:2a80:340::/42,LR,LR-MO,Monrovia,
2c0f:2a80:380::/42,BJ,BJ-OU,Porto-Novo,
2c0f:2a80:480::/42,GM,GM-B,Banjul,
2c0f:2a80:4c0::/42,SL,SL-W,Freetown,
2c0f:2a80:780::/42,GH,GH-AA,Accra,
2c0f:2a80:7c0::/42,BW,BW-GA,Gaborone,
2c0f:2a80:800::/42,BI,BI-GI,Gitega,
2c0f:2a80:840::/42,TG,TG-M,Lomé,
2c0f:2a80:b80::/42,GW,GW-BS,Bissau,
2c0f:2a80:1580::/42,YE,YE-AD,Aden,
2c0f:2a80:2000::/42,SZ,SZ-HH,Mbabane,
2c0f:2a80:2040::/42,RW,RW-01,Kigali,
2c0f:2a80:2080::/42,YT,YT-YT,Mayotte,
2c0f:2a80:20c0::/42,RE,RE-RE,Saint-Denis,
2c0f:2a80:2100::/42,MZ,MZ-MPM,Maputo,
2c0f:2a80:2140::/42,MZ,MZ-MPM,Maputo,
2c0f:2a80:2180::/42,MG,MG-T,Antananarivo,
2c0f:2a80:21c0::/42,MW,MW-LI,Lilongwe,
2c0f:2a80:2200::/42,MW,MW-LI,Lilongwe,
2c0f:2a80:2240::/42,BI,BI-GI,Gitega,
2c0f:2a80:2280::/42,ZW,ZW-HA,Harare,
2c0f:2a80:22c0::/42,BW,BW-GA,Gaborone,
2c0f:2a80:2500::/42,ZM,ZM-09,Lusaka,
2c0f:2a80:2540::/42,ZM,ZM-09,Lusaka,
2c0f:2a80:2580::/42,LS,LS-A,Maseru,
2c0f:2a80:25c0::/42,SS,SS-EC,Juba,
2c0f:2a80:2600::/42,RW,RW-01,Kigali,
2c0f:2a80:2640::/42,ZW,ZW-HA,Harare,
2c0f:2a80:2680::/42,ZW,ZW-HA,Harare,
2c0f:2a80:26c0::/42,ZM,ZM-09,Lusaka,
2c0f:2a80:2700::/42,YE,YE-AD,Aden,
2c0f:2a80:2740::/42,CD,CD-KN,Kinshasa,
2605:59c7:194::/46,US,US-WA,Seattle,
2605:59c0:5200::/48,US,US-AK,Anchorage,
2605:59c0:6c00::/48,US,US-AK,Anchorage,
2605:59c7:f001::/48,US,US-AK,Nome,
2605:59c7:f002::/48,US,US-AK,Dutch Harbor,
2605:59c7:f003::/48,CA,CA-NU,Iqaluit,
2605:59c7:f004::/48,US,US-WA,Seattle,
2605:59c7:f005::/48,US,US-FL,Cape Canaveral,
2605:59c7:f006::/48,CA,CA-BC,Brucejack,
2605:59c7:f009::/48,US,US-TX,Starbase,
2605:59c7:f00a::/48,CA,CA-QC,Kuujjuaq,
2605:59c7:f080::/48,US,US-FL,Miami,
2605:59c7:f081::/48,US,US-FL,Miami,
2605:59c7:f0c0::/48,US,US-FL,Miami,
2605:59c7:f0c1::/48,PG,PG-NIK,Londolovit,
2605:59c8:8080::/48,US,US-AK,Anchorage,
2a0d:3341:dc01::/49,US,US-CA,Hawthorne,
